Container Job,T_j,Source,Destination
1440,00:01:00,W/P 3,Block 2
720,00:01:00,W/P 1,Block 1
2160,00:01:00,Block 3,W/P 3
2880,00:01:00,W/P 5,Block 2
1,00:02:00,Block 3,W/P 3
1441,00:03:00,W/P 3,Block 1
721,00:03:00,Block 3,W/P 5
2161,00:03:00,Block 4,W/P 1
2881,00:03:00,Block 1,W/P 5
2,00:04:00,Block 5,W/P 3
722,00:05:00,W/P 2,Block 5
2162,00:05:00,W/P 4,Block 5
2882,00:05:00,Block 2,W/P 1
1442,00:05:00,W/P 3,Block 3
3,00:06:00,W/P 5,Block 4
2163,00:07:00,W/P 2,Block 2
1443,00:07:00,W/P 2,Block 2
2883,00:07:00,Block 2,W/P 5
723,00:07:00,W/P 1,Block 4
4,00:08:00,Block 4,W/P 5
2164,00:09:00,Block 5,W/P 5
2884,00:09:00,Block 1,W/P 2
724,00:09:00,W/P 2,Block 1
1444,00:09:00,Block 2,W/P 4
5,00:10:00,Block 2,W/P 2
2885,00:11:00,Block 5,W/P 1
725,00:11:00,Block 1,W/P 1
1445,00:11:00,W/P 2,Block 2
2165,00:11:00,Block 3,W/P 4
6,00:12:00,W/P 4,Block 5
2166,00:13:00,Block 2,W/P 1
1446,00:13:00,W/P 1,Block 1
726,00:13:00,Block 3,W/P 1
2886,00:13:00,W/P 2,Block 2
7,00:14:00,W/P 1,Block 1
2887,00:15:00,W/P 2,Block 1
2167,00:15:00,Block 2,W/P 2
1447,00:15:00,Block 4,W/P 2
727,00:15:00,Block 5,W/P 5
8,00:16:00,Block 2,W/P 5
2168,00:17:00,W/P 1,Block 1
2888,00:17:00,W/P 5,Block 4
1448,00:17:00,Block 1,W/P 2
728,00:17:00,Block 3,W/P 3
9,00:18:00,W/P 2,Block 4
2169,00:19:00,W/P 5,Block 3
2889,00:19:00,Block 4,W/P 2
1449,00:19:00,W/P 2,Block 5
729,00:19:00,Block 5,W/P 2
10,00:20:00,W/P 2,Block 1
730,00:21:00,Block 4,W/P 3
2890,00:21:00,Block 4,W/P 1
1450,00:21:00,Block 2,W/P 3
2170,00:21:00,W/P 5,Block 5
11,00:22:00,Block 1,W/P 4
731,00:23:00,W/P 5,Block 5
2171,00:23:00,Block 5,W/P 3
2891,00:23:00,W/P 2,Block 4
1451,00:23:00,Block 3,W/P 5
12,00:24:00,W/P 1,Block 3
2892,00:25:00,W/P 3,Block 5
1452,00:25:00,W/P 5,Block 3
2172,00:25:00,Block 5,W/P 5
732,00:25:00,Block 3,W/P 4
13,00:26:00,W/P 2,Block 3
733,00:27:00,Block 2,W/P 2
2893,00:27:00,Block 2,W/P 5
2173,00:27:00,W/P 4,Block 5
1453,00:27:00,W/P 2,Block 2
14,00:28:00,W/P 5,Block 3
1454,00:29:00,W/P 4,Block 3
2894,00:29:00,Block 2,W/P 1
734,00:29:00,Block 2,W/P 4
2174,00:29:00,W/P 2,Block 2
15,00:30:00,Block 4,W/P 3
1455,00:31:00,Block 5,W/P 5
2895,00:31:00,W/P 3,Block 4
735,00:31:00,W/P 4,Block 3
2175,00:31:00,Block 1,W/P 2
16,00:32:00,Block 4,W/P 2
2896,00:33:00,Block 3,W/P 4
2176,00:33:00,W/P 3,Block 2
736,00:33:00,Block 1,W/P 5
1456,00:33:00,Block 4,W/P 2
17,00:34:00,Block 3,W/P 1
2177,00:35:00,Block 3,W/P 3
2897,00:35:00,Block 2,W/P 5
737,00:35:00,Block 5,W/P 5
1457,00:35:00,Block 5,W/P 2
18,00:36:00,Block 5,W/P 1
1458,00:37:00,W/P 1,Block 4
738,00:37:00,Block 1,W/P 4
2178,00:37:00,W/P 3,Block 1
2898,00:37:00,Block 1,W/P 1
19,00:38:00,Block 5,W/P 2
1459,00:39:00,W/P 4,Block 5
2899,00:39:00,Block 2,W/P 3
2179,00:39:00,W/P 2,Block 5
739,00:39:00,Block 3,W/P 2
20,00:40:00,W/P 1,Block 1
2900,00:41:00,Block 3,W/P 1
740,00:41:00,Block 2,W/P 2
1460,00:41:00,Block 3,W/P 1
2180,00:41:00,Block 4,W/P 2
21,00:42:00,Block 1,W/P 3
2181,00:43:00,Block 5,W/P 4
741,00:43:00,Block 3,W/P 5
2901,00:43:00,W/P 1,Block 3
1461,00:43:00,W/P 5,Block 5
22,00:44:00,Block 1,W/P 2
1462,00:45:00,W/P 5,Block 3
2902,00:45:00,W/P 1,Block 3
742,00:45:00,W/P 1,Block 1
2182,00:45:00,Block 2,W/P 1
23,00:46:00,W/P 4,Block 2
2183,00:47:00,Block 5,W/P 1
1463,00:47:00,W/P 5,Block 3
743,00:47:00,W/P 3,Block 4
2903,00:47:00,W/P 4,Block 2
24,00:48:00,Block 4,W/P 1
1464,00:49:00,Block 3,W/P 5
2904,00:49:00,Block 2,W/P 2
2184,00:49:00,W/P 5,Block 2
744,00:49:00,W/P 3,Block 4
25,00:50:00,W/P 5,Block 5
1465,00:51:00,Block 3,W/P 3
745,00:51:00,W/P 2,Block 2
2905,00:51:00,W/P 5,Block 2
2185,00:51:00,Block 3,W/P 3
26,00:52:00,W/P 1,Block 1
2186,00:53:00,Block 1,W/P 5
1466,00:53:00,Block 5,W/P 4
746,00:53:00,W/P 2,Block 1
2906,00:53:00,W/P 5,Block 1
27,00:54:00,W/P 4,Block 3
2187,00:55:00,Block 2,W/P 5
1467,00:55:00,Block 4,W/P 2
747,00:55:00,Block 2,W/P 3
2907,00:55:00,Block 1,W/P 3
28,00:56:00,Block 2,W/P 5
2188,00:57:00,W/P 1,Block 3
1468,00:57:00,W/P 3,Block 2
748,00:57:00,Block 2,W/P 3
2908,00:57:00,W/P 3,Block 4
29,00:58:00,Block 3,W/P 3
1469,00:59:00,Block 1,W/P 2
749,00:59:00,W/P 3,Block 3
2189,00:59:00,W/P 3,Block 2
2909,00:59:00,Block 1,W/P 5
30,01:00:00,W/P 3,Block 4
750,01:01:00,W/P 4,Block 2
1470,01:01:00,W/P 4,Block 3
2190,01:01:00,Block 5,W/P 5
2910,01:01:00,W/P 5,Block 3
31,01:02:00,Block 3,W/P 3
751,01:03:00,Block 5,W/P 5
2191,01:03:00,Block 2,W/P 5
1471,01:03:00,Block 5,W/P 2
2911,01:03:00,W/P 4,Block 2
32,01:04:00,Block 5,W/P 5
2912,01:05:00,W/P 4,Block 1
752,01:05:00,Block 4,W/P 1
1472,01:05:00,W/P 3,Block 5
2192,01:05:00,Block 5,W/P 3
33,01:06:00,Block 2,W/P 5
753,01:07:00,W/P 3,Block 5
1473,01:07:00,W/P 2,Block 4
2193,01:07:00,Block 1,W/P 4
2913,01:07:00,W/P 2,Block 3
34,01:08:00,W/P 2,Block 4
2194,01:09:00,W/P 1,Block 2
1474,01:09:00,W/P 3,Block 2
2914,01:09:00,Block 1,W/P 5
754,01:09:00,W/P 4,Block 4
35,01:10:00,Block 3,W/P 2
2195,01:11:00,W/P 5,Block 5
2915,01:11:00,Block 1,W/P 4
755,01:11:00,W/P 5,Block 3
1475,01:11:00,W/P 3,Block 1
36,01:12:00,Block 2,W/P 4
2196,01:13:00,Block 4,W/P 1
756,01:13:00,Block 3,W/P 5
1476,01:13:00,Block 3,W/P 1
2916,01:13:00,Block 3,W/P 5
37,01:14:00,W/P 3,Block 5
757,01:15:00,W/P 2,Block 2
1477,01:15:00,W/P 1,Block 1
2917,01:15:00,Block 5,W/P 5
2197,01:15:00,W/P 1,Block 2
38,01:16:00,Block 3,W/P 5
2918,01:17:00,W/P 3,Block 2
758,01:17:00,Block 5,W/P 3
1478,01:17:00,W/P 1,Block 1
2198,01:17:00,Block 4,W/P 1
39,01:18:00,W/P 4,Block 2
2199,01:19:00,W/P 4,Block 2
2919,01:19:00,Block 3,W/P 1
1479,01:19:00,Block 2,W/P 2
759,01:19:00,Block 3,W/P 3
40,01:20:00,W/P 4,Block 1
2920,01:21:00,Block 1,W/P 5
760,01:21:00,Block 1,W/P 4
2200,01:21:00,Block 5,W/P 2
1480,01:21:00,Block 4,W/P 5
41,01:22:00,W/P 5,Block 5
1481,01:23:00,Block 4,W/P 2
2201,01:23:00,W/P 1,Block 4
2921,01:23:00,Block 3,W/P 5
761,01:23:00,Block 5,W/P 4
42,01:24:00,Block 1,W/P 5
762,01:25:00,W/P 5,Block 1
2202,01:25:00,Block 1,W/P 4
2922,01:25:00,Block 2,W/P 2
1482,01:25:00,Block 3,W/P 5
43,01:26:00,W/P 1,Block 4
763,01:27:00,Block 1,W/P 3
2203,01:27:00,W/P 4,Block 2
2923,01:27:00,W/P 2,Block 4
1483,01:27:00,W/P 2,Block 5
44,01:28:00,Block 3,W/P 3
2204,01:29:00,Block 5,W/P 4
2924,01:29:00,Block 3,W/P 4
764,01:29:00,W/P 4,Block 1
1484,01:29:00,W/P 5,Block 1
45,01:30:00,W/P 5,Block 4
2925,01:31:00,Block 5,W/P 1
765,01:31:00,Block 3,W/P 2
2205,01:31:00,W/P 4,Block 2
1485,01:31:00,W/P 1,Block 2
46,01:32:00,Block 3,W/P 1
1486,01:33:00,W/P 5,Block 3
766,01:33:00,W/P 5,Block 2
2206,01:33:00,Block 1,W/P 1
2926,01:33:00,W/P 3,Block 5
47,01:34:00,Block 1,W/P 5
2927,01:35:00,W/P 1,Block 2
767,01:35:00,Block 3,W/P 2
1487,01:35:00,Block 1,W/P 2
2207,01:35:00,W/P 4,Block 5
48,01:36:00,W/P 3,Block 1
2928,01:37:00,Block 2,W/P 5
1488,01:37:00,Block 5,W/P 2
768,01:37:00,Block 5,W/P 1
2208,01:37:00,W/P 5,Block 3
49,01:38:00,W/P 5,Block 4
769,01:39:00,Block 5,W/P 5
1489,01:39:00,Block 4,W/P 2
2929,01:39:00,Block 5,W/P 3
2209,01:39:00,W/P 5,Block 3
50,01:40:00,W/P 3,Block 5
770,01:41:00,Block 2,W/P 5
1490,01:41:00,Block 5,W/P 1
2210,01:41:00,W/P 2,Block 5
2930,01:41:00,Block 1,W/P 1
51,01:42:00,W/P 3,Block 1
2211,01:43:00,W/P 4,Block 5
2931,01:43:00,W/P 2,Block 4
1491,01:43:00,Block 2,W/P 4
771,01:43:00,Block 2,W/P 3
52,01:44:00,W/P 5,Block 2
1492,01:45:00,W/P 2,Block 1
2212,01:45:00,W/P 4,Block 2
772,01:45:00,Block 2,W/P 1
2932,01:45:00,W/P 3,Block 1
53,01:46:00,Block 1,W/P 4
773,01:47:00,Block 1,W/P 5
2213,01:47:00,Block 1,W/P 5
2933,01:47:00,Block 1,W/P 2
1493,01:47:00,Block 4,W/P 5
54,01:48:00,Block 1,W/P 1
1494,01:49:00,Block 3,W/P 4
774,01:49:00,Block 1,W/P 1
2214,01:49:00,W/P 3,Block 5
2934,01:49:00,Block 1,W/P 3
55,01:50:00,Block 3,W/P 1
2215,01:51:00,Block 1,W/P 1
1495,01:51:00,Block 5,W/P 2
2935,01:51:00,W/P 1,Block 4
775,01:51:00,W/P 4,Block 2
56,01:52:00,Block 1,W/P 3
2216,01:53:00,Block 2,W/P 3
2936,01:53:00,W/P 2,Block 4
1496,01:53:00,W/P 1,Block 2
776,01:53:00,W/P 2,Block 3
57,01:54:00,Block 4,W/P 3
1497,01:55:00,Block 1,W/P 5
777,01:55:00,Block 3,W/P 2
2937,01:55:00,W/P 1,Block 5
2217,01:55:00,W/P 5,Block 2
58,01:56:00,W/P 4,Block 2
778,01:57:00,Block 4,W/P 1
1498,01:57:00,Block 3,W/P 1
2938,01:57:00,Block 2,W/P 4
2218,01:57:00,Block 5,W/P 3
59,01:58:00,W/P 3,Block 2
2939,01:59:00,Block 4,W/P 2
1499,01:59:00,Block 5,W/P 1
779,01:59:00,Block 3,W/P 4
2219,01:59:00,W/P 1,Block 5
60,02:00:00,W/P 4,Block 1
780,02:01:00,W/P 1,Block 4
2940,02:01:00,Block 4,W/P 1
1500,02:01:00,W/P 5,Block 2
2220,02:01:00,Block 4,W/P 1
61,02:02:00,Block 1,W/P 5
781,02:03:00,Block 1,W/P 2
2221,02:03:00,W/P 4,Block 5
1501,02:03:00,W/P 3,Block 4
2941,02:03:00,W/P 2,Block 4
62,02:04:00,W/P 3,Block 4
782,02:05:00,Block 2,W/P 4
1502,02:05:00,Block 1,W/P 4
2942,02:05:00,W/P 4,Block 2
2222,02:05:00,Block 2,W/P 5
63,02:06:00,Block 2,W/P 3
783,02:07:00,W/P 1,Block 2
1503,02:07:00,Block 1,W/P 3
2223,02:07:00,Block 5,W/P 3
2943,02:07:00,W/P 4,Block 5
64,02:08:00,W/P 3,Block 4
2944,02:09:00,W/P 4,Block 1
784,02:09:00,Block 1,W/P 1
1504,02:09:00,Block 4,W/P 2
2224,02:09:00,W/P 2,Block 4
65,02:10:00,Block 3,W/P 4
2945,02:11:00,W/P 1,Block 2
1505,02:11:00,W/P 3,Block 5
2225,02:11:00,W/P 2,Block 5
785,02:11:00,Block 5,W/P 5
66,02:12:00,W/P 2,Block 4
2226,02:13:00,W/P 3,Block 1
1506,02:13:00,Block 1,W/P 5
786,02:13:00,Block 2,W/P 4
2946,02:13:00,W/P 5,Block 5
67,02:14:00,Block 5,W/P 5
787,02:15:00,W/P 2,Block 4
1507,02:15:00,W/P 5,Block 1
2227,02:15:00,Block 3,W/P 4
2947,02:15:00,Block 2,W/P 5
68,02:16:00,Block 2,W/P 4
2948,02:17:00,Block 3,W/P 4
788,02:17:00,Block 2,W/P 2
1508,02:17:00,W/P 1,Block 1
2228,02:17:00,Block 4,W/P 2
69,02:18:00,W/P 1,Block 1
2949,02:19:00,W/P 2,Block 5
789,02:19:00,Block 5,W/P 5
1509,02:19:00,W/P 4,Block 1
2229,02:19:00,W/P 4,Block 5
70,02:20:00,Block 1,W/P 2
790,02:21:00,W/P 1,Block 1
2950,02:21:00,W/P 3,Block 4
1510,02:21:00,Block 4,W/P 1
2230,02:21:00,Block 1,W/P 1
71,02:22:00,Block 2,W/P 4
2951,02:23:00,W/P 2,Block 2
2231,02:23:00,W/P 5,Block 4
791,02:23:00,Block 4,W/P 5
1511,02:23:00,W/P 2,Block 1
72,02:24:00,Block 1,W/P 2
792,02:25:00,Block 1,W/P 3
2232,02:25:00,W/P 2,Block 4
1512,02:25:00,W/P 4,Block 3
2952,02:25:00,Block 3,W/P 2
73,02:26:00,W/P 4,Block 3
2233,02:27:00,Block 1,W/P 4
2953,02:27:00,W/P 4,Block 1
1513,02:27:00,W/P 4,Block 1
793,02:27:00,W/P 1,Block 2
74,02:28:00,W/P 3,Block 3
2954,02:29:00,W/P 4,Block 1
2234,02:29:00,W/P 4,Block 2
1514,02:29:00,Block 2,W/P 5
794,02:29:00,W/P 2,Block 5
75,02:30:00,Block 5,W/P 5
2955,02:31:00,Block 1,W/P 2
2235,02:31:00,Block 2,W/P 4
1515,02:31:00,W/P 1,Block 1
795,02:31:00,Block 3,W/P 4
76,02:32:00,W/P 3,Block 2
796,02:33:00,W/P 5,Block 1
1516,02:33:00,Block 1,W/P 1
2236,02:33:00,W/P 3,Block 4
2956,02:33:00,W/P 4,Block 4
77,02:34:00,Block 5,W/P 3
2237,02:35:00,Block 3,W/P 1
797,02:35:00,Block 4,W/P 3
1517,02:35:00,W/P 2,Block 3
2957,02:35:00,Block 4,W/P 5
78,02:36:00,W/P 3,Block 2
2958,02:37:00,W/P 4,Block 5
798,02:37:00,W/P 3,Block 5
2238,02:37:00,W/P 4,Block 5
1518,02:37:00,Block 5,W/P 3
79,02:38:00,Block 2,W/P 2
1519,02:39:00,Block 3,W/P 2
799,02:39:00,Block 2,W/P 1
2239,02:39:00,Block 4,W/P 5
2959,02:39:00,Block 1,W/P 4
80,02:40:00,Block 4,W/P 5
800,02:41:00,W/P 3,Block 5
1520,02:41:00,Block 3,W/P 1
2240,02:41:00,W/P 3,Block 2
2960,02:41:00,W/P 3,Block 1
81,02:42:00,W/P 5,Block 2
2961,02:43:00,Block 4,W/P 3
2241,02:43:00,Block 5,W/P 1
1521,02:43:00,W/P 1,Block 3
801,02:43:00,W/P 5,Block 4
82,02:44:00,Block 3,W/P 3
802,02:45:00,W/P 3,Block 2
1522,02:45:00,W/P 2,Block 2
2962,02:45:00,Block 3,W/P 1
2242,02:45:00,W/P 5,Block 1
83,02:46:00,Block 2,W/P 4
2243,02:47:00,W/P 3,Block 5
1523,02:47:00,Block 3,W/P 1
803,02:47:00,W/P 4,Block 3
2963,02:47:00,Block 5,W/P 2
84,02:48:00,W/P 5,Block 3
2244,02:49:00,Block 4,W/P 5
2964,02:49:00,W/P 4,Block 2
1524,02:49:00,W/P 5,Block 3
804,02:49:00,W/P 1,Block 1
85,02:50:00,W/P 5,Block 4
1525,02:51:00,Block 1,W/P 1
805,02:51:00,W/P 4,Block 2
2965,02:51:00,Block 4,W/P 3
2245,02:51:00,W/P 3,Block 2
86,02:52:00,Block 5,W/P 4
1526,02:53:00,W/P 4,Block 3
2966,02:53:00,W/P 1,Block 5
2246,02:53:00,Block 5,W/P 4
806,02:53:00,W/P 4,Block 2
87,02:54:00,Block 1,W/P 4
807,02:55:00,Block 4,W/P 4
1527,02:55:00,W/P 2,Block 2
2967,02:55:00,W/P 2,Block 5
2247,02:55:00,Block 3,W/P 3
88,02:56:00,Block 3,W/P 5
2248,02:57:00,Block 4,W/P 5
808,02:57:00,W/P 5,Block 2
1528,02:57:00,Block 2,W/P 5
2968,02:57:00,W/P 5,Block 5
89,02:58:00,W/P 1,Block 1
2249,02:59:00,W/P 5,Block 3
809,02:59:00,W/P 3,Block 2
2969,02:59:00,Block 3,W/P 4
1529,02:59:00,W/P 2,Block 4
90,03:00:00,Block 2,W/P 2
2970,03:01:00,W/P 4,Block 1
1530,03:01:00,Block 1,W/P 1
810,03:01:00,Block 5,W/P 4
2250,03:01:00,W/P 3,Block 1
91,03:02:00,W/P 1,Block 5
2971,03:03:00,Block 2,W/P 4
811,03:03:00,Block 4,W/P 4
1531,03:03:00,W/P 2,Block 4
2251,03:03:00,W/P 4,Block 5
92,03:04:00,W/P 1,Block 3
1532,03:05:00,W/P 3,Block 3
812,03:05:00,Block 3,W/P 5
2972,03:05:00,Block 1,W/P 1
2252,03:05:00,Block 2,W/P 1
93,03:06:00,Block 4,W/P 4
1533,03:07:00,W/P 5,Block 2
813,03:07:00,W/P 5,Block 1
2973,03:07:00,Block 3,W/P 1
2253,03:07:00,Block 1,W/P 3
94,03:08:00,Block 5,W/P 4
2974,03:09:00,Block 4,W/P 2
1534,03:09:00,W/P 3,Block 2
2254,03:09:00,Block 2,W/P 3
814,03:09:00,W/P 2,Block 5
95,03:10:00,W/P 3,Block 1
2255,03:11:00,Block 1,W/P 4
2975,03:11:00,W/P 3,Block 5
1535,03:11:00,W/P 2,Block 3
815,03:11:00,Block 4,W/P 4
96,03:12:00,Block 1,W/P 1
1536,03:13:00,W/P 4,Block 1
2256,03:13:00,W/P 2,Block 4
2976,03:13:00,W/P 3,Block 2
816,03:13:00,Block 2,W/P 3
97,03:14:00,W/P 5,Block 2
817,03:15:00,Block 5,W/P 4
2257,03:15:00,Block 4,W/P 4
1537,03:15:00,Block 5,W/P 4
2977,03:15:00,W/P 5,Block 2
98,03:16:00,W/P 2,Block 1
2258,03:17:00,W/P 4,Block 2
818,03:17:00,Block 2,W/P 3
1538,03:17:00,W/P 5,Block 2
2978,03:17:00,W/P 2,Block 4
99,03:18:00,Block 1,W/P 4
2979,03:19:00,Block 2,W/P 5
2259,03:19:00,W/P 4,Block 3
819,03:19:00,Block 2,W/P 3
1539,03:19:00,Block 2,W/P 1
100,03:20:00,Block 4,W/P 2
1540,03:21:00,Block 5,W/P 5
2980,03:21:00,W/P 3,Block 3
2260,03:21:00,Block 4,W/P 2
820,03:21:00,W/P 4,Block 2
101,03:22:00,W/P 2,Block 2
2981,03:23:00,W/P 4,Block 3
1541,03:23:00,W/P 3,Block 4
2261,03:23:00,W/P 3,Block 2
821,03:23:00,W/P 1,Block 5
102,03:24:00,Block 5,W/P 1
1542,03:25:00,W/P 5,Block 4
2262,03:25:00,W/P 5,Block 3
822,03:25:00,W/P 3,Block 2
2982,03:25:00,W/P 3,Block 3
103,03:26:00,W/P 1,Block 1
1543,03:27:00,W/P 3,Block 5
823,03:27:00,W/P 3,Block 3
2263,03:27:00,Block 3,W/P 1
2983,03:27:00,W/P 2,Block 5
104,03:28:00,Block 2,W/P 3
824,03:29:00,Block 2,W/P 3
2984,03:29:00,Block 1,W/P 5
2264,03:29:00,Block 4,W/P 4
1544,03:29:00,Block 4,W/P 3
105,03:30:00,Block 1,W/P 2
2985,03:31:00,W/P 4,Block 2
825,03:31:00,W/P 1,Block 2
2265,03:31:00,Block 5,W/P 5
1545,03:31:00,Block 3,W/P 2
106,03:32:00,Block 1,W/P 3
2986,03:33:00,W/P 1,Block 4
826,03:33:00,W/P 1,Block 5
1546,03:33:00,W/P 1,Block 5
2266,03:33:00,Block 1,W/P 3
107,03:34:00,Block 3,W/P 4
2267,03:35:00,Block 4,W/P 4
2987,03:35:00,Block 1,W/P 1
1547,03:35:00,W/P 4,Block 5
827,03:35:00,Block 5,W/P 1
108,03:36:00,Block 1,W/P 4
2988,03:37:00,Block 2,W/P 2
1548,03:37:00,W/P 3,Block 3
828,03:37:00,W/P 1,Block 3
2268,03:37:00,W/P 2,Block 2
109,03:38:00,W/P 2,Block 3
2269,03:39:00,Block 2,W/P 5
1549,03:39:00,W/P 1,Block 2
2989,03:39:00,W/P 5,Block 2
829,03:39:00,Block 2,W/P 5
110,03:40:00,W/P 1,Block 4
2990,03:41:00,Block 4,W/P 5
2270,03:41:00,W/P 4,Block 3
830,03:41:00,Block 2,W/P 5
1550,03:41:00,W/P 2,Block 5
111,03:42:00,Block 3,W/P 4
2991,03:43:00,W/P 1,Block 2
1551,03:43:00,Block 4,W/P 2
2271,03:43:00,Block 5,W/P 4
831,03:43:00,W/P 4,Block 5
112,03:44:00,Block 5,W/P 5
832,03:45:00,Block 1,W/P 3
1552,03:45:00,Block 1,W/P 3
2992,03:45:00,Block 1,W/P 3
2272,03:45:00,Block 5,W/P 2
113,03:46:00,W/P 1,Block 3
833,03:47:00,Block 1,W/P 2
1553,03:47:00,W/P 5,Block 3
2993,03:47:00,W/P 4,Block 1
2273,03:47:00,Block 4,W/P 4
114,03:48:00,W/P 3,Block 1
834,03:49:00,W/P 2,Block 3
1554,03:49:00,W/P 3,Block 3
2994,03:49:00,W/P 3,Block 1
2274,03:49:00,Block 4,W/P 3
115,03:50:00,Block 3,W/P 4
835,03:51:00,W/P 4,Block 1
1555,03:51:00,Block 2,W/P 2
2275,03:51:00,Block 2,W/P 5
2995,03:51:00,Block 5,W/P 1
116,03:52:00,Block 1,W/P 3
836,03:53:00,Block 1,W/P 2
1556,03:53:00,W/P 2,Block 2
2276,03:53:00,W/P 3,Block 1
2996,03:53:00,Block 4,W/P 5
117,03:54:00,W/P 2,Block 3
2277,03:55:00,Block 2,W/P 5
837,03:55:00,Block 5,W/P 2
1557,03:55:00,Block 1,W/P 2
2997,03:55:00,Block 1,W/P 4
118,03:56:00,W/P 4,Block 4
2998,03:57:00,W/P 3,Block 2
838,03:57:00,W/P 3,Block 5
2278,03:57:00,Block 3,W/P 2
1558,03:57:00,W/P 4,Block 5
119,03:58:00,W/P 1,Block 5
839,03:59:00,W/P 3,Block 2
2279,03:59:00,Block 5,W/P 3
1559,03:59:00,Block 1,W/P 3
2999,03:59:00,Block 3,W/P 1
120,04:00:00,W/P 5,Block 4
840,04:01:00,W/P 2,Block 1
3000,04:01:00,Block 5,W/P 4
2280,04:01:00,Block 2,W/P 3
1560,04:01:00,Block 1,W/P 4
121,04:02:00,Block 5,W/P 4
2281,04:03:00,W/P 5,Block 2
3001,04:03:00,W/P 3,Block 1
1561,04:03:00,Block 3,W/P 4
841,04:03:00,Block 4,W/P 2
122,04:04:00,W/P 4,Block 2
1562,04:05:00,Block 5,W/P 4
842,04:05:00,W/P 5,Block 2
3002,04:05:00,W/P 4,Block 5
2282,04:05:00,Block 1,W/P 5
123,04:06:00,Block 2,W/P 2
3003,04:07:00,Block 1,W/P 4
843,04:07:00,Block 3,W/P 5
1563,04:07:00,Block 2,W/P 4
2283,04:07:00,W/P 5,Block 2
124,04:08:00,W/P 3,Block 4
2284,04:09:00,Block 2,W/P 2
1564,04:09:00,Block 4,W/P 1
844,04:09:00,Block 3,W/P 5
3004,04:09:00,W/P 5,Block 3
125,04:10:00,W/P 4,Block 3
3005,04:11:00,Block 1,W/P 2
1565,04:11:00,Block 4,W/P 2
845,04:11:00,W/P 5,Block 2
2285,04:11:00,Block 4,W/P 2
126,04:12:00,W/P 5,Block 5
1566,04:13:00,Block 1,W/P 4
2286,04:13:00,Block 4,W/P 4
3006,04:13:00,W/P 1,Block 4
846,04:13:00,Block 5,W/P 3
127,04:14:00,Block 5,W/P 1
2287,04:15:00,W/P 1,Block 3
3007,04:15:00,Block 4,W/P 1
847,04:15:00,W/P 3,Block 5
1567,04:15:00,Block 1,W/P 2
128,04:16:00,Block 3,W/P 4
2288,04:17:00,W/P 5,Block 1
848,04:17:00,Block 4,W/P 4
3008,04:17:00,W/P 5,Block 1
1568,04:17:00,W/P 4,Block 1
129,04:18:00,Block 5,W/P 4
3009,04:19:00,Block 2,W/P 1
1569,04:19:00,Block 4,W/P 1
2289,04:19:00,Block 4,W/P 5
849,04:19:00,Block 2,W/P 5
130,04:20:00,W/P 1,Block 1
850,04:21:00,Block 2,W/P 1
1570,04:21:00,Block 4,W/P 3
2290,04:21:00,W/P 2,Block 5
3010,04:21:00,W/P 3,Block 3
131,04:22:00,Block 3,W/P 5
3011,04:23:00,W/P 5,Block 3
2291,04:23:00,Block 3,W/P 4
851,04:23:00,W/P 3,Block 5
1571,04:23:00,W/P 1,Block 3
132,04:24:00,Block 3,W/P 1
852,04:25:00,W/P 5,Block 1
3012,04:25:00,Block 4,W/P 1
1572,04:25:00,W/P 4,Block 3
2292,04:25:00,Block 1,W/P 5
133,04:26:00,Block 4,W/P 5
1573,04:27:00,Block 5,W/P 5
2293,04:27:00,Block 2,W/P 1
3013,04:27:00,W/P 4,Block 2
853,04:27:00,W/P 5,Block 3
134,04:28:00,W/P 2,Block 2
3014,04:29:00,W/P 5,Block 1
854,04:29:00,Block 3,W/P 4
2294,04:29:00,Block 1,W/P 1
1574,04:29:00,Block 4,W/P 4
135,04:30:00,W/P 1,Block 4
3015,04:31:00,Block 1,W/P 1
1575,04:31:00,W/P 2,Block 2
2295,04:31:00,Block 5,W/P 1
855,04:31:00,Block 3,W/P 2
136,04:32:00,Block 4,W/P 2
2296,04:33:00,W/P 2,Block 1
856,04:33:00,W/P 5,Block 5
1576,04:33:00,Block 4,W/P 4
3016,04:33:00,W/P 5,Block 1
137,04:34:00,Block 3,W/P 3
2297,04:35:00,W/P 1,Block 5
857,04:35:00,W/P 1,Block 2
1577,04:35:00,W/P 5,Block 5
3017,04:35:00,W/P 4,Block 3
138,04:36:00,W/P 5,Block 5
3018,04:37:00,W/P 1,Block 3
858,04:37:00,Block 1,W/P 1
1578,04:37:00,W/P 3,Block 3
2298,04:37:00,Block 5,W/P 3
139,04:38:00,W/P 3,Block 2
859,04:39:00,W/P 4,Block 5
3019,04:39:00,W/P 1,Block 2
1579,04:39:00,Block 2,W/P 1
2299,04:39:00,W/P 3,Block 4
140,04:40:00,W/P 5,Block 1
1580,04:41:00,Block 4,W/P 4
3020,04:41:00,Block 1,W/P 3
2300,04:41:00,W/P 1,Block 3
860,04:41:00,W/P 2,Block 2
141,04:42:00,W/P 5,Block 4
1581,04:43:00,Block 1,W/P 5
2301,04:43:00,W/P 1,Block 5
861,04:43:00,W/P 5,Block 1
3021,04:43:00,Block 1,W/P 1
142,04:44:00,Block 4,W/P 1
2302,04:45:00,Block 5,W/P 4
1582,04:45:00,W/P 5,Block 4
862,04:45:00,Block 5,W/P 2
3022,04:45:00,Block 1,W/P 1
143,04:46:00,W/P 3,Block 2
3023,04:47:00,Block 3,W/P 3
1583,04:47:00,Block 4,W/P 5
2303,04:47:00,Block 3,W/P 5
863,04:47:00,Block 4,W/P 3
144,04:48:00,W/P 3,Block 4
2304,04:49:00,Block 2,W/P 1
3024,04:49:00,Block 2,W/P 3
864,04:49:00,W/P 3,Block 1
1584,04:49:00,Block 4,W/P 3
145,04:50:00,W/P 3,Block 3
3025,04:51:00,Block 2,W/P 5
1585,04:51:00,Block 1,W/P 5
2305,04:51:00,W/P 1,Block 2
865,04:51:00,W/P 3,Block 3
146,04:52:00,Block 3,W/P 3
3026,04:53:00,W/P 3,Block 2
2306,04:53:00,Block 4,W/P 4
1586,04:53:00,Block 4,W/P 3
866,04:53:00,Block 3,W/P 5
147,04:54:00,W/P 5,Block 3
3027,04:55:00,W/P 2,Block 2
2307,04:55:00,W/P 4,Block 3
867,04:55:00,Block 5,W/P 4
1587,04:55:00,W/P 1,Block 1
148,04:56:00,W/P 3,Block 5
2308,04:57:00,Block 2,W/P 4
1588,04:57:00,Block 1,W/P 1
868,04:57:00,Block 1,W/P 5
3028,04:57:00,Block 5,W/P 4
149,04:58:00,W/P 2,Block 5
1589,04:59:00,W/P 1,Block 3
869,04:59:00,W/P 1,Block 2
3029,04:59:00,Block 1,W/P 3
2309,04:59:00,W/P 2,Block 1
150,05:00:00,W/P 1,Block 3
870,05:01:00,W/P 2,Block 2
2310,05:01:00,W/P 5,Block 5
1590,05:01:00,Block 2,W/P 1
3030,05:01:00,Block 3,W/P 2
151,05:02:00,Block 2,W/P 3
1591,05:03:00,W/P 5,Block 4
3031,05:03:00,W/P 1,Block 1
871,05:03:00,W/P 1,Block 4
2311,05:03:00,Block 2,W/P 5
152,05:04:00,W/P 1,Block 5
1592,05:05:00,Block 4,W/P 1
872,05:05:00,Block 2,W/P 5
2312,05:05:00,W/P 3,Block 5
3032,05:05:00,Block 4,W/P 3
153,05:06:00,W/P 5,Block 5
2313,05:07:00,W/P 2,Block 2
3033,05:07:00,W/P 1,Block 5
873,05:07:00,W/P 2,Block 3
1593,05:07:00,Block 1,W/P 3
154,05:08:00,W/P 5,Block 4
3034,05:09:00,W/P 5,Block 5
2314,05:09:00,Block 4,W/P 1
874,05:09:00,Block 4,W/P 1
1594,05:09:00,W/P 3,Block 4
155,05:10:00,W/P 4,Block 1
3035,05:11:00,Block 5,W/P 2
1595,05:11:00,W/P 1,Block 4
2315,05:11:00,W/P 4,Block 2
875,05:11:00,W/P 4,Block 2
156,05:12:00,W/P 4,Block 4
1596,05:13:00,W/P 2,Block 1
3036,05:13:00,Block 3,W/P 5
876,05:13:00,W/P 4,Block 2
2316,05:13:00,Block 3,W/P 2
157,05:14:00,W/P 5,Block 4
877,05:15:00,W/P 4,Block 2
2317,05:15:00,W/P 4,Block 3
3037,05:15:00,Block 3,W/P 3
1597,05:15:00,Block 3,W/P 2
158,05:16:00,W/P 2,Block 1
3038,05:17:00,W/P 2,Block 5
1598,05:17:00,W/P 1,Block 4
878,05:17:00,W/P 4,Block 2
2318,05:17:00,Block 2,W/P 4
159,05:18:00,Block 3,W/P 1
3039,05:19:00,Block 3,W/P 4
1599,05:19:00,W/P 3,Block 3
879,05:19:00,W/P 4,Block 5
2319,05:19:00,Block 5,W/P 2
160,05:20:00,W/P 5,Block 5
2320,05:21:00,W/P 4,Block 4
1600,05:21:00,W/P 5,Block 4
3040,05:21:00,W/P 2,Block 1
880,05:21:00,Block 3,W/P 4
161,05:22:00,Block 2,W/P 3
3041,05:23:00,Block 2,W/P 5
1601,05:23:00,Block 4,W/P 5
2321,05:23:00,W/P 4,Block 2
881,05:23:00,W/P 4,Block 4
162,05:24:00,W/P 5,Block 2
882,05:25:00,W/P 5,Block 2
3042,05:25:00,Block 1,W/P 2
1602,05:25:00,Block 2,W/P 2
2322,05:25:00,W/P 1,Block 5
163,05:26:00,W/P 1,Block 5
1603,05:27:00,Block 5,W/P 1
3043,05:27:00,Block 5,W/P 2
2323,05:27:00,Block 2,W/P 3
883,05:27:00,Block 3,W/P 5
164,05:28:00,Block 5,W/P 5
3044,05:29:00,Block 3,W/P 5
1604,05:29:00,W/P 2,Block 2
2324,05:29:00,W/P 5,Block 1
884,05:29:00,W/P 4,Block 2
165,05:30:00,W/P 3,Block 3
2325,05:31:00,Block 2,W/P 2
3045,05:31:00,W/P 3,Block 4
885,05:31:00,W/P 4,Block 5
1605,05:31:00,W/P 4,Block 5
166,05:32:00,Block 3,W/P 5
1606,05:33:00,W/P 5,Block 4
886,05:33:00,W/P 3,Block 4
2326,05:33:00,Block 4,W/P 1
3046,05:33:00,Block 3,W/P 1
167,05:34:00,W/P 1,Block 5
2327,05:35:00,Block 1,W/P 4
1607,05:35:00,Block 3,W/P 1
3047,05:35:00,W/P 1,Block 2
887,05:35:00,W/P 1,Block 4
168,05:36:00,W/P 4,Block 2
2328,05:37:00,Block 4,W/P 4
1608,05:37:00,Block 4,W/P 3
888,05:37:00,W/P 3,Block 2
3048,05:37:00,W/P 2,Block 4
169,05:38:00,Block 1,W/P 2
2329,05:39:00,W/P 3,Block 1
3049,05:39:00,W/P 2,Block 1
1609,05:39:00,W/P 4,Block 3
889,05:39:00,Block 5,W/P 4
170,05:40:00,Block 4,W/P 3
3050,05:41:00,W/P 3,Block 5
890,05:41:00,W/P 3,Block 3
2330,05:41:00,Block 2,W/P 2
1610,05:41:00,Block 4,W/P 5
171,05:42:00,W/P 3,Block 1
891,05:43:00,W/P 1,Block 2
3051,05:43:00,Block 3,W/P 3
1611,05:43:00,Block 2,W/P 1
2331,05:43:00,W/P 1,Block 5
172,05:44:00,W/P 4,Block 1
892,05:45:00,W/P 1,Block 3
1612,05:45:00,Block 4,W/P 2
3052,05:45:00,Block 4,W/P 1
2332,05:45:00,W/P 5,Block 4
173,05:46:00,W/P 2,Block 5
2333,05:47:00,Block 3,W/P 3
1613,05:47:00,W/P 1,Block 2
893,05:47:00,W/P 1,Block 1
3053,05:47:00,W/P 5,Block 1
174,05:48:00,W/P 3,Block 5
1614,05:49:00,Block 1,W/P 1
2334,05:49:00,W/P 1,Block 4
3054,05:49:00,Block 5,W/P 2
894,05:49:00,Block 4,W/P 4
175,05:50:00,W/P 3,Block 4
1615,05:51:00,W/P 1,Block 1
3055,05:51:00,Block 4,W/P 4
895,05:51:00,W/P 2,Block 5
2335,05:51:00,Block 3,W/P 5
176,05:52:00,W/P 2,Block 4
896,05:53:00,Block 5,W/P 4
3056,05:53:00,Block 1,W/P 3
2336,05:53:00,W/P 3,Block 4
1616,05:53:00,Block 2,W/P 3
177,05:54:00,Block 1,W/P 3
897,05:55:00,W/P 3,Block 5
3057,05:55:00,W/P 4,Block 2
2337,05:55:00,W/P 3,Block 3
1617,05:55:00,W/P 1,Block 2
178,05:56:00,W/P 5,Block 4
3058,05:57:00,W/P 3,Block 3
898,05:57:00,W/P 2,Block 2
1618,05:57:00,Block 4,W/P 5
2338,05:57:00,Block 1,W/P 1
179,05:58:00,Block 3,W/P 4
899,05:59:00,Block 1,W/P 2
2339,05:59:00,W/P 2,Block 5
1619,05:59:00,W/P 4,Block 1
3059,05:59:00,Block 3,W/P 2
180,06:00:00,Block 4,W/P 4
1620,06:01:00,W/P 4,Block 4
3060,06:01:00,Block 4,W/P 2
900,06:01:00,W/P 4,Block 3
2340,06:01:00,Block 4,W/P 3
181,06:02:00,Block 2,W/P 1
901,06:03:00,Block 1,W/P 4
1621,06:03:00,Block 3,W/P 3
3061,06:03:00,Block 1,W/P 4
2341,06:03:00,Block 4,W/P 1
182,06:04:00,W/P 5,Block 1
3062,06:05:00,W/P 1,Block 1
1622,06:05:00,Block 1,W/P 1
902,06:05:00,W/P 2,Block 3
2342,06:05:00,Block 1,W/P 1
183,06:06:00,W/P 4,Block 2
1623,06:07:00,W/P 3,Block 1
3063,06:07:00,W/P 3,Block 2
2343,06:07:00,W/P 3,Block 5
903,06:07:00,W/P 5,Block 2
184,06:08:00,W/P 2,Block 2
1624,06:09:00,W/P 5,Block 3
904,06:09:00,W/P 4,Block 5
2344,06:09:00,Block 1,W/P 2
3064,06:09:00,W/P 1,Block 4
185,06:10:00,Block 2,W/P 1
1625,06:11:00,W/P 4,Block 1
3065,06:11:00,Block 2,W/P 2
2345,06:11:00,W/P 4,Block 3
905,06:11:00,W/P 5,Block 1
186,06:12:00,Block 5,W/P 3
2346,06:13:00,Block 5,W/P 5
3066,06:13:00,W/P 3,Block 5
1626,06:13:00,W/P 5,Block 5
906,06:13:00,W/P 1,Block 1
187,06:14:00,Block 1,W/P 5
2347,06:15:00,W/P 3,Block 4
3067,06:15:00,Block 1,W/P 2
1627,06:15:00,Block 5,W/P 1
907,06:15:00,Block 4,W/P 5
188,06:16:00,Block 4,W/P 3
908,06:17:00,Block 1,W/P 4
3068,06:17:00,W/P 4,Block 5
1628,06:17:00,W/P 5,Block 2
2348,06:17:00,Block 1,W/P 4
189,06:18:00,Block 4,W/P 1
3069,06:19:00,W/P 2,Block 5
1629,06:19:00,Block 2,W/P 3
2349,06:19:00,W/P 1,Block 3
909,06:19:00,W/P 2,Block 3
190,06:20:00,W/P 2,Block 3
3070,06:21:00,W/P 2,Block 3
1630,06:21:00,Block 4,W/P 4
2350,06:21:00,Block 3,W/P 2
910,06:21:00,W/P 1,Block 5
191,06:22:00,Block 3,W/P 1
1631,06:23:00,Block 5,W/P 3
911,06:23:00,Block 5,W/P 2
2351,06:23:00,W/P 1,Block 4
3071,06:23:00,Block 1,W/P 4
192,06:24:00,Block 5,W/P 2
912,06:25:00,W/P 1,Block 5
1632,06:25:00,W/P 2,Block 3
2352,06:25:00,Block 4,W/P 4
3072,06:25:00,Block 2,W/P 2
193,06:26:00,Block 3,W/P 5
1633,06:27:00,W/P 5,Block 3
2353,06:27:00,Block 1,W/P 5
3073,06:27:00,W/P 5,Block 2
913,06:27:00,Block 4,W/P 1
194,06:28:00,W/P 2,Block 3
1634,06:29:00,W/P 5,Block 3
3074,06:29:00,Block 2,W/P 1
2354,06:29:00,Block 5,W/P 5
914,06:29:00,W/P 5,Block 1
195,06:30:00,Block 4,W/P 2
915,06:31:00,W/P 1,Block 5
1635,06:31:00,W/P 4,Block 5
2355,06:31:00,Block 1,W/P 2
3075,06:31:00,Block 5,W/P 1
196,06:32:00,W/P 5,Block 1
916,06:33:00,W/P 5,Block 3
1636,06:33:00,W/P 4,Block 4
2356,06:33:00,W/P 4,Block 1
3076,06:33:00,Block 4,W/P 2
197,06:34:00,W/P 3,Block 4
2357,06:35:00,W/P 4,Block 2
1637,06:35:00,Block 1,W/P 5
917,06:35:00,W/P 3,Block 4
3077,06:35:00,W/P 4,Block 2
198,06:36:00,Block 5,W/P 2
1638,06:37:00,Block 4,W/P 2
3078,06:37:00,Block 2,W/P 4
918,06:37:00,Block 3,W/P 3
2358,06:37:00,W/P 4,Block 5
199,06:38:00,Block 1,W/P 5
3079,06:39:00,W/P 2,Block 1
1639,06:39:00,W/P 5,Block 4
919,06:39:00,W/P 1,Block 1
2359,06:39:00,Block 3,W/P 5
200,06:40:00,Block 3,W/P 4
2360,06:41:00,Block 2,W/P 4
3080,06:41:00,W/P 5,Block 2
1640,06:41:00,W/P 5,Block 1
920,06:41:00,W/P 5,Block 1
201,06:42:00,Block 3,W/P 4
921,06:43:00,W/P 4,Block 4
1641,06:43:00,Block 2,W/P 3
2361,06:43:00,Block 4,W/P 2
3081,06:43:00,Block 4,W/P 1
202,06:44:00,W/P 4,Block 1
2362,06:45:00,W/P 2,Block 5
3082,06:45:00,W/P 3,Block 4
922,06:45:00,Block 3,W/P 3
1642,06:45:00,W/P 3,Block 1
203,06:46:00,Block 3,W/P 3
2363,06:47:00,W/P 2,Block 5
3083,06:47:00,Block 4,W/P 4
1643,06:47:00,W/P 2,Block 2
923,06:47:00,Block 5,W/P 2
204,06:48:00,W/P 4,Block 4
3084,06:49:00,Block 2,W/P 5
1644,06:49:00,W/P 4,Block 5
2364,06:49:00,Block 2,W/P 1
924,06:49:00,Block 2,W/P 5
205,06:50:00,W/P 4,Block 3
1645,06:51:00,W/P 4,Block 2
925,06:51:00,W/P 5,Block 4
2365,06:51:00,Block 2,W/P 5
3085,06:51:00,W/P 5,Block 2
206,06:52:00,W/P 1,Block 3
2366,06:53:00,Block 4,W/P 2
926,06:53:00,Block 3,W/P 2
3086,06:53:00,Block 5,W/P 3
1646,06:53:00,Block 1,W/P 3
207,06:54:00,Block 5,W/P 5
927,06:55:00,W/P 3,Block 5
3087,06:55:00,W/P 4,Block 4
1647,06:55:00,Block 1,W/P 4
2367,06:55:00,Block 1,W/P 4
208,06:56:00,Block 3,W/P 4
928,06:57:00,W/P 4,Block 5
1648,06:57:00,Block 2,W/P 5
2368,06:57:00,Block 3,W/P 2
3088,06:57:00,W/P 3,Block 1
209,06:58:00,W/P 5,Block 2
2369,06:59:00,W/P 4,Block 2
1649,06:59:00,W/P 3,Block 4
3089,06:59:00,Block 1,W/P 5
929,06:59:00,Block 1,W/P 2
210,07:00:00,W/P 3,Block 1
3090,07:01:00,Block 2,W/P 3
2370,07:01:00,W/P 4,Block 2
1650,07:01:00,Block 2,W/P 3
930,07:01:00,Block 4,W/P 3
211,07:02:00,Block 4,W/P 1
1651,07:03:00,W/P 5,Block 4
931,07:03:00,Block 3,W/P 2
3091,07:03:00,W/P 4,Block 2
2371,07:03:00,Block 5,W/P 2
212,07:04:00,W/P 4,Block 2
1652,07:05:00,W/P 3,Block 2
932,07:05:00,W/P 4,Block 4
3092,07:05:00,W/P 4,Block 2
2372,07:05:00,Block 3,W/P 5
213,07:06:00,Block 1,W/P 4
2373,07:07:00,W/P 2,Block 2
933,07:07:00,W/P 4,Block 3
3093,07:07:00,Block 2,W/P 4
1653,07:07:00,W/P 1,Block 1
214,07:08:00,Block 3,W/P 4
934,07:09:00,W/P 3,Block 4
3094,07:09:00,W/P 3,Block 2
2374,07:09:00,Block 4,W/P 4
1654,07:09:00,W/P 1,Block 5
215,07:10:00,Block 1,W/P 3
935,07:11:00,W/P 2,Block 1
3095,07:11:00,W/P 1,Block 4
2375,07:11:00,Block 1,W/P 5
1655,07:11:00,W/P 3,Block 3
216,07:12:00,Block 4,W/P 1
2376,07:13:00,Block 2,W/P 5
936,07:13:00,W/P 3,Block 4
1656,07:13:00,W/P 2,Block 3
3096,07:13:00,Block 5,W/P 1
217,07:14:00,W/P 4,Block 3
1657,07:15:00,Block 1,W/P 3
2377,07:15:00,W/P 1,Block 2
3097,07:15:00,W/P 3,Block 1
937,07:15:00,W/P 2,Block 4
218,07:16:00,W/P 2,Block 1
1658,07:17:00,W/P 4,Block 4
2378,07:17:00,Block 1,W/P 4
938,07:17:00,W/P 5,Block 5
3098,07:17:00,W/P 4,Block 1
219,07:18:00,W/P 4,Block 4
2379,07:19:00,W/P 2,Block 2
3099,07:19:00,Block 2,W/P 3
939,07:19:00,Block 3,W/P 4
1659,07:19:00,W/P 3,Block 2
220,07:20:00,W/P 5,Block 3
940,07:21:00,W/P 3,Block 4
2380,07:21:00,Block 2,W/P 4
1660,07:21:00,Block 1,W/P 4
3100,07:21:00,Block 5,W/P 5
221,07:22:00,Block 2,W/P 1
941,07:23:00,W/P 1,Block 2
3101,07:23:00,Block 2,W/P 4
2381,07:23:00,W/P 2,Block 3
1661,07:23:00,Block 1,W/P 2
222,07:24:00,W/P 4,Block 1
3102,07:25:00,W/P 3,Block 3
2382,07:25:00,W/P 5,Block 5
1662,07:25:00,Block 3,W/P 1
942,07:25:00,W/P 2,Block 1
223,07:26:00,W/P 4,Block 4
1663,07:27:00,Block 5,W/P 2
3103,07:27:00,W/P 4,Block 4
2383,07:27:00,W/P 3,Block 1
943,07:27:00,Block 2,W/P 2
224,07:28:00,Block 2,W/P 1
944,07:29:00,Block 1,W/P 4
3104,07:29:00,Block 1,W/P 4
1664,07:29:00,W/P 5,Block 4
2384,07:29:00,W/P 2,Block 4
225,07:30:00,W/P 3,Block 3
945,07:31:00,Block 5,W/P 4
3105,07:31:00,Block 4,W/P 1
1665,07:31:00,W/P 3,Block 3
2385,07:31:00,W/P 2,Block 5
226,07:32:00,W/P 4,Block 2
946,07:33:00,W/P 5,Block 3
2386,07:33:00,W/P 4,Block 2
1666,07:33:00,Block 4,W/P 1
3106,07:33:00,Block 1,W/P 2
227,07:34:00,Block 4,W/P 5
947,07:35:00,W/P 1,Block 4
3107,07:35:00,Block 2,W/P 3
1667,07:35:00,W/P 3,Block 2
2387,07:35:00,Block 4,W/P 1
228,07:36:00,Block 4,W/P 5
2388,07:37:00,W/P 4,Block 4
1668,07:37:00,Block 1,W/P 2
948,07:37:00,W/P 5,Block 5
3108,07:37:00,Block 2,W/P 3
229,07:38:00,Block 5,W/P 1
3109,07:39:00,W/P 2,Block 2
2389,07:39:00,Block 5,W/P 4
949,07:39:00,Block 3,W/P 3
1669,07:39:00,W/P 4,Block 2
230,07:40:00,W/P 3,Block 4
3110,07:41:00,W/P 5,Block 3
950,07:41:00,Block 3,W/P 3
2390,07:41:00,Block 1,W/P 3
1670,07:41:00,Block 2,W/P 4
231,07:42:00,W/P 5,Block 3
3111,07:43:00,W/P 2,Block 1
1671,07:43:00,W/P 4,Block 4
951,07:43:00,W/P 5,Block 2
2391,07:43:00,W/P 2,Block 1
232,07:44:00,W/P 2,Block 1
1672,07:45:00,Block 3,W/P 4
2392,07:45:00,W/P 3,Block 5
952,07:45:00,Block 1,W/P 2
3112,07:45:00,Block 3,W/P 3
233,07:46:00,W/P 3,Block 3
1673,07:47:00,Block 4,W/P 3
953,07:47:00,W/P 3,Block 4
2393,07:47:00,W/P 4,Block 4
3113,07:47:00,W/P 5,Block 3
234,07:48:00,Block 2,W/P 2
1674,07:49:00,W/P 1,Block 3
954,07:49:00,Block 2,W/P 2
2394,07:49:00,Block 4,W/P 5
3114,07:49:00,Block 3,W/P 4
235,07:50:00,W/P 1,Block 3
1675,07:51:00,W/P 4,Block 2
2395,07:51:00,Block 1,W/P 2
3115,07:51:00,W/P 5,Block 2
955,07:51:00,Block 1,W/P 3
236,07:52:00,W/P 4,Block 5
1676,07:53:00,W/P 1,Block 4
3116,07:53:00,W/P 3,Block 4
2396,07:53:00,W/P 1,Block 5
956,07:53:00,Block 4,W/P 3
237,07:54:00,Block 2,W/P 5
957,07:55:00,W/P 5,Block 4
2397,07:55:00,W/P 1,Block 5
3117,07:55:00,W/P 1,Block 2
1677,07:55:00,Block 4,W/P 5
238,07:56:00,W/P 5,Block 3
3118,07:57:00,W/P 3,Block 3
2398,07:57:00,Block 4,W/P 2
958,07:57:00,Block 4,W/P 3
1678,07:57:00,W/P 1,Block 5
239,07:58:00,W/P 5,Block 2
959,07:59:00,Block 1,W/P 5
1679,07:59:00,Block 1,W/P 4
3119,07:59:00,Block 5,W/P 4
2399,07:59:00,W/P 3,Block 1
240,08:00:00,W/P 5,Block 1
960,08:01:00,W/P 5,Block 2
2400,08:01:00,W/P 5,Block 3
1680,08:01:00,W/P 5,Block 4
3120,08:01:00,W/P 3,Block 4
241,08:02:00,Block 2,W/P 1
1681,08:03:00,Block 2,W/P 1
961,08:03:00,W/P 3,Block 5
3121,08:03:00,Block 2,W/P 2
2401,08:03:00,W/P 3,Block 5
242,08:04:00,Block 2,W/P 5
1682,08:05:00,Block 4,W/P 2
3122,08:05:00,Block 4,W/P 2
2402,08:05:00,W/P 2,Block 1
962,08:05:00,Block 5,W/P 4
243,08:06:00,Block 5,W/P 2
3123,08:07:00,W/P 3,Block 1
1683,08:07:00,Block 4,W/P 1
963,08:07:00,W/P 1,Block 1
2403,08:07:00,W/P 5,Block 4
244,08:08:00,Block 5,W/P 5
2404,08:09:00,W/P 3,Block 2
3124,08:09:00,W/P 1,Block 2
1684,08:09:00,Block 4,W/P 3
964,08:09:00,Block 3,W/P 1
245,08:10:00,W/P 1,Block 3
1685,08:11:00,W/P 3,Block 4
3125,08:11:00,W/P 1,Block 2
965,08:11:00,Block 4,W/P 5
2405,08:11:00,Block 3,W/P 3
246,08:12:00,Block 4,W/P 4
2406,08:13:00,Block 4,W/P 3
966,08:13:00,Block 3,W/P 3
3126,08:13:00,W/P 4,Block 4
1686,08:13:00,Block 4,W/P 2
247,08:14:00,W/P 2,Block 3
2407,08:15:00,Block 2,W/P 3
967,08:15:00,W/P 3,Block 3
1687,08:15:00,Block 2,W/P 1
3127,08:15:00,W/P 3,Block 4
248,08:16:00,Block 1,W/P 4
1688,08:17:00,W/P 5,Block 5
3128,08:17:00,W/P 5,Block 5
968,08:17:00,Block 2,W/P 4
2408,08:17:00,Block 4,W/P 3
249,08:18:00,W/P 5,Block 5
3129,08:19:00,W/P 3,Block 3
969,08:19:00,W/P 4,Block 3
1689,08:19:00,Block 2,W/P 1
2409,08:19:00,Block 1,W/P 3
250,08:20:00,Block 1,W/P 3
3130,08:21:00,W/P 3,Block 2
2410,08:21:00,Block 4,W/P 5
1690,08:21:00,W/P 5,Block 1
970,08:21:00,Block 1,W/P 2
251,08:22:00,W/P 1,Block 3
3131,08:23:00,Block 4,W/P 4
2411,08:23:00,W/P 3,Block 4
971,08:23:00,Block 5,W/P 5
1691,08:23:00,W/P 3,Block 3
252,08:24:00,Block 3,W/P 5
3132,08:25:00,Block 5,W/P 5
2412,08:25:00,W/P 5,Block 5
1692,08:25:00,W/P 3,Block 4
972,08:25:00,W/P 1,Block 1
253,08:26:00,W/P 3,Block 5
2413,08:27:00,W/P 3,Block 2
1693,08:27:00,W/P 2,Block 1
3133,08:27:00,Block 5,W/P 2
973,08:27:00,W/P 4,Block 5
254,08:28:00,Block 1,W/P 2
3134,08:29:00,W/P 3,Block 3
974,08:29:00,W/P 5,Block 5
1694,08:29:00,Block 1,W/P 5
2414,08:29:00,W/P 4,Block 1
255,08:30:00,Block 3,W/P 5
2415,08:31:00,Block 1,W/P 3
975,08:31:00,W/P 4,Block 5
3135,08:31:00,Block 2,W/P 1
1695,08:31:00,Block 5,W/P 4
256,08:32:00,Block 1,W/P 2
1696,08:33:00,Block 3,W/P 3
2416,08:33:00,W/P 1,Block 3
3136,08:33:00,Block 3,W/P 2
976,08:33:00,W/P 3,Block 3
257,08:34:00,Block 3,W/P 3
977,08:35:00,Block 5,W/P 1
3137,08:35:00,W/P 5,Block 5
2417,08:35:00,Block 2,W/P 5
1697,08:35:00,W/P 1,Block 3
258,08:36:00,Block 1,W/P 3
3138,08:37:00,W/P 2,Block 5
1698,08:37:00,W/P 5,Block 1
2418,08:37:00,W/P 5,Block 1
978,08:37:00,Block 5,W/P 1
259,08:38:00,W/P 3,Block 1
1699,08:39:00,Block 3,W/P 1
3139,08:39:00,Block 3,W/P 3
2419,08:39:00,W/P 5,Block 3
979,08:39:00,Block 1,W/P 1
260,08:40:00,W/P 5,Block 4
980,08:41:00,W/P 1,Block 3
1700,08:41:00,Block 5,W/P 1
3140,08:41:00,Block 2,W/P 3
2420,08:41:00,W/P 1,Block 3
261,08:42:00,Block 5,W/P 2
3141,08:43:00,Block 4,W/P 1
981,08:43:00,W/P 2,Block 5
1701,08:43:00,Block 1,W/P 1
2421,08:43:00,Block 1,W/P 2
262,08:44:00,Block 4,W/P 1
1702,08:45:00,W/P 4,Block 2
3142,08:45:00,W/P 4,Block 5
2422,08:45:00,Block 4,W/P 2
982,08:45:00,W/P 1,Block 2
263,08:46:00,Block 4,W/P 1
1703,08:47:00,Block 3,W/P 5
2423,08:47:00,Block 2,W/P 3
983,08:47:00,Block 3,W/P 1
3143,08:47:00,Block 1,W/P 4
264,08:48:00,W/P 2,Block 4
1704,08:49:00,Block 5,W/P 1
2424,08:49:00,W/P 4,Block 1
984,08:49:00,W/P 2,Block 1
3144,08:49:00,W/P 5,Block 4
265,08:50:00,Block 2,W/P 5
985,08:51:00,W/P 3,Block 3
1705,08:51:00,Block 2,W/P 1
3145,08:51:00,Block 2,W/P 3
2425,08:51:00,W/P 2,Block 2
266,08:52:00,Block 2,W/P 2
2426,08:53:00,W/P 5,Block 4
3146,08:53:00,W/P 2,Block 5
1706,08:53:00,W/P 2,Block 5
986,08:53:00,W/P 2,Block 1
267,08:54:00,W/P 2,Block 4
3147,08:55:00,Block 3,W/P 1
2427,08:55:00,W/P 3,Block 2
1707,08:55:00,W/P 4,Block 1
987,08:55:00,Block 5,W/P 3
268,08:56:00,W/P 5,Block 5
1708,08:57:00,Block 4,W/P 2
2428,08:57:00,W/P 3,Block 3
3148,08:57:00,Block 2,W/P 2
988,08:57:00,W/P 3,Block 5
269,08:58:00,W/P 3,Block 1
989,08:59:00,Block 3,W/P 4
2429,08:59:00,W/P 5,Block 4
3149,08:59:00,Block 3,W/P 4
1709,08:59:00,W/P 3,Block 2
270,09:00:00,Block 2,W/P 1
3150,09:01:00,W/P 3,Block 3
990,09:01:00,Block 1,W/P 4
2430,09:01:00,Block 2,W/P 1
1710,09:01:00,W/P 4,Block 2
271,09:02:00,Block 5,W/P 4
3151,09:03:00,Block 1,W/P 1
991,09:03:00,W/P 4,Block 1
2431,09:03:00,W/P 1,Block 3
1711,09:03:00,Block 4,W/P 1
272,09:04:00,Block 1,W/P 1
3152,09:05:00,Block 3,W/P 5
2432,09:05:00,Block 2,W/P 2
1712,09:05:00,W/P 3,Block 1
992,09:05:00,Block 4,W/P 5
273,09:06:00,W/P 5,Block 5
3153,09:07:00,Block 4,W/P 1
1713,09:07:00,Block 2,W/P 5
993,09:07:00,W/P 3,Block 1
2433,09:07:00,Block 1,W/P 1
274,09:08:00,Block 2,W/P 5
2434,09:09:00,Block 3,W/P 3
1714,09:09:00,W/P 3,Block 5
3154,09:09:00,W/P 5,Block 5
994,09:09:00,Block 5,W/P 2
275,09:10:00,W/P 5,Block 5
1715,09:11:00,Block 3,W/P 1
995,09:11:00,Block 5,W/P 5
2435,09:11:00,W/P 4,Block 1
3155,09:11:00,W/P 2,Block 4
276,09:12:00,W/P 4,Block 5
996,09:13:00,Block 1,W/P 2
3156,09:13:00,Block 4,W/P 3
1716,09:13:00,Block 1,W/P 2
2436,09:13:00,W/P 5,Block 3
277,09:14:00,W/P 4,Block 5
1717,09:15:00,W/P 3,Block 2
997,09:15:00,Block 3,W/P 1
3157,09:15:00,W/P 3,Block 5
2437,09:15:00,Block 4,W/P 5
278,09:16:00,Block 2,W/P 4
2438,09:17:00,Block 1,W/P 1
1718,09:17:00,W/P 1,Block 2
3158,09:17:00,W/P 5,Block 3
998,09:17:00,Block 5,W/P 4
279,09:18:00,Block 2,W/P 3
999,09:19:00,Block 1,W/P 4
3159,09:19:00,W/P 2,Block 5
1719,09:19:00,Block 1,W/P 5
2439,09:19:00,Block 1,W/P 2
280,09:20:00,Block 2,W/P 4
3160,09:21:00,W/P 4,Block 5
1720,09:21:00,W/P 5,Block 3
1000,09:21:00,W/P 4,Block 2
2440,09:21:00,Block 2,W/P 3
281,09:22:00,Block 2,W/P 2
1721,09:23:00,Block 4,W/P 4
2441,09:23:00,W/P 2,Block 5
1001,09:23:00,W/P 4,Block 5
3161,09:23:00,W/P 2,Block 5
282,09:24:00,Block 2,W/P 5
1002,09:25:00,W/P 3,Block 5
2442,09:25:00,Block 5,W/P 3
3162,09:25:00,Block 3,W/P 1
1722,09:25:00,Block 5,W/P 2
283,09:26:00,Block 1,W/P 2
3163,09:27:00,W/P 5,Block 1
1003,09:27:00,W/P 3,Block 1
2443,09:27:00,Block 2,W/P 3
1723,09:27:00,W/P 2,Block 3
284,09:28:00,W/P 5,Block 2
2444,09:29:00,Block 2,W/P 1
3164,09:29:00,W/P 5,Block 5
1004,09:29:00,W/P 5,Block 2
1724,09:29:00,Block 4,W/P 1
285,09:30:00,W/P 2,Block 4
1005,09:31:00,Block 3,W/P 3
1725,09:31:00,W/P 3,Block 1
3165,09:31:00,Block 4,W/P 5
2445,09:31:00,W/P 2,Block 4
286,09:32:00,Block 5,W/P 1
3166,09:33:00,Block 2,W/P 3
1726,09:33:00,Block 2,W/P 4
1006,09:33:00,Block 3,W/P 3
2446,09:33:00,Block 2,W/P 5
287,09:34:00,W/P 4,Block 2
2447,09:35:00,Block 3,W/P 1
3167,09:35:00,Block 1,W/P 5
1727,09:35:00,Block 3,W/P 3
1007,09:35:00,Block 4,W/P 1
288,09:36:00,W/P 2,Block 1
2448,09:37:00,Block 1,W/P 2
3168,09:37:00,Block 4,W/P 1
1008,09:37:00,Block 2,W/P 3
1728,09:37:00,W/P 2,Block 2
289,09:38:00,W/P 3,Block 2
3169,09:39:00,W/P 3,Block 3
1009,09:39:00,W/P 4,Block 1
1729,09:39:00,W/P 1,Block 5
2449,09:39:00,W/P 2,Block 3
290,09:40:00,W/P 3,Block 5
1010,09:41:00,W/P 5,Block 3
2450,09:41:00,W/P 1,Block 3
3170,09:41:00,W/P 5,Block 5
1730,09:41:00,Block 5,W/P 2
291,09:42:00,Block 2,W/P 5
2451,09:43:00,Block 4,W/P 2
1731,09:43:00,W/P 1,Block 4
1011,09:43:00,Block 3,W/P 1
3171,09:43:00,W/P 1,Block 2
292,09:44:00,W/P 3,Block 1
1012,09:45:00,Block 5,W/P 4
1732,09:45:00,Block 1,W/P 2
2452,09:45:00,W/P 1,Block 2
3172,09:45:00,W/P 4,Block 5
293,09:46:00,Block 3,W/P 4
1013,09:47:00,Block 4,W/P 5
2453,09:47:00,Block 5,W/P 5
1733,09:47:00,W/P 4,Block 3
3173,09:47:00,W/P 2,Block 3
294,09:48:00,W/P 1,Block 1
2454,09:49:00,W/P 2,Block 4
1014,09:49:00,Block 5,W/P 1
1734,09:49:00,W/P 3,Block 1
3174,09:49:00,W/P 3,Block 1
295,09:50:00,Block 3,W/P 3
1735,09:51:00,W/P 1,Block 5
1015,09:51:00,Block 5,W/P 3
2455,09:51:00,Block 4,W/P 5
3175,09:51:00,W/P 4,Block 2
296,09:52:00,Block 2,W/P 2
2456,09:53:00,W/P 2,Block 2
1736,09:53:00,Block 3,W/P 1
1016,09:53:00,W/P 2,Block 4
3176,09:53:00,W/P 2,Block 2
297,09:54:00,W/P 4,Block 1
1017,09:55:00,Block 3,W/P 1
1737,09:55:00,Block 5,W/P 2
2457,09:55:00,W/P 3,Block 4
3177,09:55:00,Block 2,W/P 3
298,09:56:00,Block 2,W/P 5
2458,09:57:00,Block 2,W/P 2
1018,09:57:00,Block 1,W/P 3
3178,09:57:00,Block 4,W/P 5
1738,09:57:00,W/P 1,Block 2
299,09:58:00,Block 3,W/P 2
3179,09:59:00,W/P 3,Block 1
2459,09:59:00,W/P 2,Block 4
1739,09:59:00,W/P 4,Block 4
1019,09:59:00,Block 1,W/P 1
300,10:00:00,W/P 5,Block 5
3180,10:01:00,Block 5,W/P 2
2460,10:01:00,Block 4,W/P 1
1020,10:01:00,Block 2,W/P 5
1740,10:01:00,W/P 1,Block 1
301,10:02:00,Block 5,W/P 5
1021,10:03:00,W/P 3,Block 3
3181,10:03:00,Block 2,W/P 5
1741,10:03:00,W/P 2,Block 5
2461,10:03:00,W/P 3,Block 3
302,10:04:00,W/P 5,Block 5
1742,10:05:00,Block 2,W/P 1
1022,10:05:00,W/P 1,Block 2
2462,10:05:00,W/P 1,Block 3
3182,10:05:00,W/P 2,Block 1
303,10:06:00,W/P 2,Block 5
1023,10:07:00,W/P 4,Block 3
2463,10:07:00,Block 3,W/P 5
3183,10:07:00,W/P 5,Block 4
1743,10:07:00,Block 1,W/P 3
304,10:08:00,Block 2,W/P 1
3184,10:09:00,W/P 1,Block 4
1744,10:09:00,W/P 4,Block 5
2464,10:09:00,Block 4,W/P 1
1024,10:09:00,Block 5,W/P 2
305,10:10:00,W/P 3,Block 2
3185,10:11:00,Block 5,W/P 5
1745,10:11:00,W/P 4,Block 1
1025,10:11:00,W/P 1,Block 4
2465,10:11:00,W/P 4,Block 4
306,10:12:00,Block 4,W/P 2
1026,10:13:00,W/P 3,Block 4
3186,10:13:00,Block 4,W/P 2
1746,10:13:00,Block 2,W/P 5
2466,10:13:00,Block 5,W/P 2
307,10:14:00,Block 4,W/P 2
1747,10:15:00,Block 3,W/P 2
1027,10:15:00,W/P 1,Block 5
3187,10:15:00,W/P 5,Block 1
2467,10:15:00,Block 5,W/P 1
308,10:16:00,W/P 3,Block 2
2468,10:17:00,W/P 2,Block 3
1028,10:17:00,W/P 5,Block 4
1748,10:17:00,W/P 1,Block 3
3188,10:17:00,Block 5,W/P 3
309,10:18:00,Block 2,W/P 2
1029,10:19:00,Block 2,W/P 1
2469,10:19:00,Block 4,W/P 3
3189,10:19:00,W/P 4,Block 5
1749,10:19:00,Block 5,W/P 2
310,10:20:00,Block 3,W/P 3
2470,10:21:00,Block 5,W/P 3
1750,10:21:00,Block 1,W/P 5
3190,10:21:00,Block 3,W/P 5
1030,10:21:00,W/P 2,Block 4
311,10:22:00,Block 3,W/P 3
1751,10:23:00,W/P 3,Block 2
2471,10:23:00,W/P 4,Block 2
3191,10:23:00,W/P 5,Block 4
1031,10:23:00,Block 4,W/P 3
312,10:24:00,Block 3,W/P 5
1032,10:25:00,W/P 3,Block 1
3192,10:25:00,W/P 5,Block 4
2472,10:25:00,W/P 2,Block 1
1752,10:25:00,W/P 1,Block 1
313,10:26:00,Block 4,W/P 3
1033,10:27:00,W/P 2,Block 1
3193,10:27:00,W/P 1,Block 4
2473,10:27:00,Block 5,W/P 3
1753,10:27:00,Block 4,W/P 4
314,10:28:00,W/P 5,Block 1
2474,10:29:00,W/P 3,Block 5
1034,10:29:00,Block 4,W/P 1
3194,10:29:00,Block 2,W/P 5
1754,10:29:00,W/P 5,Block 1
315,10:30:00,Block 4,W/P 1
1035,10:31:00,W/P 2,Block 5
3195,10:31:00,Block 3,W/P 2
2475,10:31:00,Block 3,W/P 4
1755,10:31:00,Block 2,W/P 3
316,10:32:00,Block 1,W/P 3
2476,10:33:00,W/P 5,Block 1
3196,10:33:00,W/P 1,Block 1
1756,10:33:00,Block 1,W/P 1
1036,10:33:00,Block 3,W/P 2
317,10:34:00,W/P 5,Block 5
1037,10:35:00,W/P 3,Block 3
3197,10:35:00,W/P 1,Block 4
2477,10:35:00,W/P 2,Block 4
1757,10:35:00,Block 3,W/P 3
318,10:36:00,W/P 1,Block 1
1758,10:37:00,Block 1,W/P 5
3198,10:37:00,W/P 5,Block 4
2478,10:37:00,Block 3,W/P 2
1038,10:37:00,Block 1,W/P 4
319,10:38:00,W/P 3,Block 5
1759,10:39:00,W/P 2,Block 4
2479,10:39:00,W/P 1,Block 2
1039,10:39:00,Block 2,W/P 5
3199,10:39:00,Block 5,W/P 4
320,10:40:00,W/P 4,Block 4
1760,10:41:00,W/P 4,Block 5
1040,10:41:00,W/P 5,Block 3
2480,10:41:00,Block 1,W/P 1
3200,10:41:00,Block 5,W/P 5
321,10:42:00,W/P 1,Block 2
3201,10:43:00,Block 2,W/P 2
2481,10:43:00,W/P 3,Block 1
1041,10:43:00,Block 3,W/P 4
1761,10:43:00,Block 3,W/P 1
322,10:44:00,W/P 3,Block 5
3202,10:45:00,W/P 5,Block 5
1762,10:45:00,W/P 4,Block 1
2482,10:45:00,Block 4,W/P 5
1042,10:45:00,Block 2,W/P 4
323,10:46:00,Block 2,W/P 4
1763,10:47:00,W/P 5,Block 3
1043,10:47:00,W/P 3,Block 5
3203,10:47:00,W/P 3,Block 2
2483,10:47:00,W/P 1,Block 2
324,10:48:00,Block 4,W/P 3
1044,10:49:00,Block 3,W/P 2
2484,10:49:00,Block 3,W/P 3
1764,10:49:00,W/P 5,Block 5
3204,10:49:00,Block 1,W/P 1
325,10:50:00,W/P 4,Block 3
3205,10:51:00,Block 3,W/P 1
1765,10:51:00,Block 1,W/P 2
1045,10:51:00,W/P 1,Block 5
2485,10:51:00,W/P 4,Block 3
326,10:52:00,Block 3,W/P 4
1046,10:53:00,Block 5,W/P 1
1766,10:53:00,W/P 1,Block 3
3206,10:53:00,W/P 2,Block 1
2486,10:53:00,Block 3,W/P 4
327,10:54:00,W/P 4,Block 2
1047,10:55:00,Block 2,W/P 4
1767,10:55:00,Block 4,W/P 5
2487,10:55:00,Block 2,W/P 3
3207,10:55:00,Block 4,W/P 1
328,10:56:00,W/P 5,Block 2
3208,10:57:00,W/P 4,Block 3
1048,10:57:00,Block 1,W/P 5
1768,10:57:00,Block 3,W/P 2
2488,10:57:00,W/P 4,Block 5
329,10:58:00,W/P 4,Block 3
3209,10:59:00,W/P 5,Block 1
1049,10:59:00,Block 3,W/P 2
1769,10:59:00,W/P 4,Block 1
2489,10:59:00,Block 3,W/P 2
330,11:00:00,W/P 2,Block 1
1050,11:01:00,W/P 5,Block 3
3210,11:01:00,Block 4,W/P 1
1770,11:01:00,Block 4,W/P 2
2490,11:01:00,W/P 5,Block 4
331,11:02:00,W/P 1,Block 1
1771,11:03:00,W/P 3,Block 5
2491,11:03:00,W/P 2,Block 3
1051,11:03:00,W/P 5,Block 5
3211,11:03:00,W/P 3,Block 5
332,11:04:00,W/P 4,Block 4
2492,11:05:00,Block 3,W/P 1
1772,11:05:00,Block 5,W/P 5
1052,11:05:00,W/P 1,Block 1
3212,11:05:00,Block 4,W/P 5
333,11:06:00,W/P 4,Block 1
2493,11:07:00,Block 1,W/P 5
1773,11:07:00,Block 2,W/P 4
1053,11:07:00,Block 5,W/P 2
3213,11:07:00,Block 4,W/P 3
334,11:08:00,W/P 4,Block 2
3214,11:09:00,W/P 1,Block 1
2494,11:09:00,W/P 3,Block 4
1774,11:09:00,W/P 4,Block 4
1054,11:09:00,Block 2,W/P 3
335,11:10:00,Block 4,W/P 2
1775,11:11:00,W/P 4,Block 1
2495,11:11:00,Block 1,W/P 1
1055,11:11:00,Block 2,W/P 4
3215,11:11:00,Block 1,W/P 4
336,11:12:00,Block 1,W/P 4
3216,11:13:00,Block 4,W/P 5
1056,11:13:00,Block 4,W/P 2
1776,11:13:00,W/P 5,Block 3
2496,11:13:00,W/P 4,Block 4
337,11:14:00,Block 1,W/P 1
1777,11:15:00,W/P 3,Block 4
2497,11:15:00,Block 3,W/P 2
1057,11:15:00,W/P 3,Block 2
3217,11:15:00,Block 5,W/P 5
338,11:16:00,W/P 4,Block 4
1778,11:17:00,W/P 5,Block 4
3218,11:17:00,W/P 5,Block 2
2498,11:17:00,W/P 1,Block 3
1058,11:17:00,Block 2,W/P 1
339,11:18:00,Block 1,W/P 3
2499,11:19:00,Block 5,W/P 1
1059,11:19:00,Block 1,W/P 5
3219,11:19:00,Block 5,W/P 3
1779,11:19:00,W/P 5,Block 4
340,11:20:00,W/P 3,Block 5
1780,11:21:00,Block 3,W/P 4
3220,11:21:00,Block 4,W/P 4
1060,11:21:00,Block 5,W/P 4
2500,11:21:00,W/P 5,Block 2
341,11:22:00,Block 4,W/P 2
1061,11:23:00,W/P 1,Block 1
3221,11:23:00,W/P 5,Block 3
1781,11:23:00,W/P 5,Block 4
2501,11:23:00,W/P 4,Block 4
342,11:24:00,Block 1,W/P 3
1062,11:25:00,W/P 5,Block 2
2502,11:25:00,W/P 2,Block 4
1782,11:25:00,W/P 5,Block 1
3222,11:25:00,Block 4,W/P 2
343,11:26:00,Block 5,W/P 2
2503,11:27:00,W/P 5,Block 2
3223,11:27:00,Block 5,W/P 2
1063,11:27:00,W/P 1,Block 3
1783,11:27:00,Block 4,W/P 2
344,11:28:00,Block 2,W/P 1
3224,11:29:00,Block 5,W/P 1
1064,11:29:00,Block 1,W/P 4
1784,11:29:00,W/P 2,Block 5
2504,11:29:00,W/P 2,Block 4
345,11:30:00,Block 2,W/P 2
3225,11:31:00,Block 1,W/P 5
1065,11:31:00,W/P 4,Block 5
2505,11:31:00,W/P 1,Block 4
1785,11:31:00,W/P 2,Block 3
346,11:32:00,W/P 2,Block 2
3226,11:33:00,W/P 3,Block 4
1066,11:33:00,Block 5,W/P 3
1786,11:33:00,W/P 2,Block 3
2506,11:33:00,W/P 4,Block 3
347,11:34:00,W/P 4,Block 1
1787,11:35:00,W/P 2,Block 3
2507,11:35:00,W/P 4,Block 5
3227,11:35:00,Block 1,W/P 1
1067,11:35:00,W/P 5,Block 3
348,11:36:00,Block 4,W/P 4
1068,11:37:00,W/P 2,Block 5
2508,11:37:00,Block 5,W/P 4
3228,11:37:00,Block 3,W/P 3
1788,11:37:00,W/P 1,Block 3
349,11:38:00,Block 1,W/P 1
3229,11:39:00,Block 4,W/P 4
2509,11:39:00,W/P 4,Block 1
1069,11:39:00,W/P 4,Block 5
1789,11:39:00,Block 5,W/P 3
350,11:40:00,W/P 2,Block 1
2510,11:41:00,W/P 1,Block 5
1790,11:41:00,W/P 1,Block 5
3230,11:41:00,W/P 1,Block 2
1070,11:41:00,Block 5,W/P 2
351,11:42:00,Block 3,W/P 5
1071,11:43:00,Block 5,W/P 5
3231,11:43:00,Block 5,W/P 5
1791,11:43:00,Block 3,W/P 5
2511,11:43:00,Block 1,W/P 1
352,11:44:00,W/P 4,Block 4
2512,11:45:00,Block 3,W/P 1
3232,11:45:00,W/P 5,Block 1
1792,11:45:00,Block 1,W/P 4
1072,11:45:00,Block 2,W/P 3
353,11:46:00,W/P 3,Block 4
1073,11:47:00,Block 2,W/P 2
3233,11:47:00,Block 1,W/P 2
1793,11:47:00,Block 1,W/P 1
2513,11:47:00,W/P 3,Block 5
354,11:48:00,W/P 3,Block 2
1074,11:49:00,Block 1,W/P 2
3234,11:49:00,Block 1,W/P 1
2514,11:49:00,W/P 3,Block 1
1794,11:49:00,Block 5,W/P 4
355,11:50:00,Block 1,W/P 1
2515,11:51:00,W/P 5,Block 2
3235,11:51:00,Block 2,W/P 3
1795,11:51:00,W/P 1,Block 3
1075,11:51:00,W/P 4,Block 4
356,11:52:00,W/P 1,Block 1
1796,11:53:00,Block 2,W/P 3
1076,11:53:00,W/P 1,Block 4
2516,11:53:00,Block 4,W/P 3
3236,11:53:00,Block 3,W/P 4
357,11:54:00,W/P 1,Block 4
1077,11:55:00,W/P 2,Block 4
2517,11:55:00,W/P 1,Block 4
1797,11:55:00,Block 3,W/P 3
3237,11:55:00,W/P 5,Block 3
358,11:56:00,W/P 2,Block 5
1798,11:57:00,Block 1,W/P 4
1078,11:57:00,W/P 5,Block 1
3238,11:57:00,W/P 4,Block 4
2518,11:57:00,W/P 1,Block 1
359,11:58:00,Block 3,W/P 5
3239,11:59:00,W/P 2,Block 3
1079,11:59:00,Block 4,W/P 1
1799,11:59:00,Block 2,W/P 5
2519,11:59:00,Block 5,W/P 4
360,12:00:00,Block 5,W/P 1
1800,12:01:00,Block 3,W/P 3
1080,12:01:00,Block 2,W/P 4
2520,12:01:00,Block 2,W/P 2
3240,12:01:00,W/P 2,Block 1
361,12:02:00,Block 5,W/P 3
1801,12:03:00,Block 2,W/P 4
1081,12:03:00,Block 4,W/P 3
2521,12:03:00,W/P 2,Block 5
3241,12:03:00,W/P 1,Block 2
362,12:04:00,Block 1,W/P 1
1802,12:05:00,W/P 2,Block 5
3242,12:05:00,Block 2,W/P 1
2522,12:05:00,Block 1,W/P 5
1082,12:05:00,Block 1,W/P 3
363,12:06:00,Block 3,W/P 5
2523,12:07:00,W/P 1,Block 4
3243,12:07:00,W/P 2,Block 3
1803,12:07:00,Block 1,W/P 4
1083,12:07:00,W/P 4,Block 3
364,12:08:00,W/P 3,Block 1
3244,12:09:00,W/P 3,Block 1
2524,12:09:00,Block 4,W/P 3
1804,12:09:00,W/P 1,Block 3
1084,12:09:00,Block 5,W/P 3
365,12:10:00,W/P 3,Block 1
1805,12:11:00,Block 3,W/P 5
1085,12:11:00,W/P 3,Block 4
2525,12:11:00,W/P 1,Block 3
3245,12:11:00,W/P 1,Block 3
366,12:12:00,Block 4,W/P 3
1086,12:13:00,Block 5,W/P 5
2526,12:13:00,Block 1,W/P 5
1806,12:13:00,Block 1,W/P 5
3246,12:13:00,Block 2,W/P 2
367,12:14:00,Block 5,W/P 5
3247,12:15:00,W/P 5,Block 5
1087,12:15:00,W/P 2,Block 2
1807,12:15:00,Block 2,W/P 1
2527,12:15:00,W/P 4,Block 1
368,12:16:00,Block 2,W/P 3
1088,12:17:00,Block 3,W/P 5
3248,12:17:00,Block 2,W/P 3
2528,12:17:00,Block 5,W/P 1
1808,12:17:00,Block 2,W/P 4
369,12:18:00,Block 2,W/P 3
3249,12:19:00,W/P 5,Block 5
2529,12:19:00,W/P 4,Block 3
1809,12:19:00,Block 5,W/P 3
1089,12:19:00,W/P 2,Block 5
370,12:20:00,Block 2,W/P 2
3250,12:21:00,Block 2,W/P 4
1810,12:21:00,W/P 1,Block 2
1090,12:21:00,Block 1,W/P 3
2530,12:21:00,W/P 4,Block 2
371,12:22:00,Block 4,W/P 1
3251,12:23:00,W/P 5,Block 5
1091,12:23:00,W/P 2,Block 4
2531,12:23:00,Block 1,W/P 3
1811,12:23:00,Block 5,W/P 4
372,12:24:00,W/P 5,Block 3
3252,12:25:00,W/P 4,Block 5
2532,12:25:00,W/P 4,Block 3
1092,12:25:00,Block 1,W/P 4
1812,12:25:00,W/P 1,Block 1
373,12:26:00,W/P 3,Block 3
2533,12:27:00,W/P 5,Block 1
1093,12:27:00,W/P 2,Block 3
1813,12:27:00,Block 2,W/P 2
3253,12:27:00,W/P 3,Block 5
374,12:28:00,W/P 4,Block 4
3254,12:29:00,W/P 2,Block 5
1094,12:29:00,Block 4,W/P 1
2534,12:29:00,Block 2,W/P 2
1814,12:29:00,W/P 5,Block 4
375,12:30:00,W/P 2,Block 5
2535,12:31:00,W/P 3,Block 1
1095,12:31:00,W/P 3,Block 4
3255,12:31:00,W/P 5,Block 4
1815,12:31:00,W/P 3,Block 3
376,12:32:00,W/P 2,Block 1
1096,12:33:00,Block 4,W/P 2
2536,12:33:00,Block 1,W/P 1
1816,12:33:00,Block 2,W/P 4
3256,12:33:00,Block 5,W/P 4
377,12:34:00,Block 3,W/P 4
1817,12:35:00,W/P 2,Block 1
2537,12:35:00,Block 1,W/P 3
3257,12:35:00,Block 5,W/P 1
1097,12:35:00,Block 1,W/P 4
378,12:36:00,W/P 4,Block 1
1098,12:37:00,W/P 1,Block 3
1818,12:37:00,Block 2,W/P 5
3258,12:37:00,W/P 2,Block 4
2538,12:37:00,W/P 5,Block 2
379,12:38:00,Block 4,W/P 5
1819,12:39:00,Block 3,W/P 2
3259,12:39:00,Block 1,W/P 4
1099,12:39:00,W/P 3,Block 5
2539,12:39:00,W/P 4,Block 1
380,12:40:00,Block 4,W/P 5
1100,12:41:00,W/P 5,Block 4
2540,12:41:00,W/P 3,Block 1
3260,12:41:00,W/P 1,Block 1
1820,12:41:00,Block 1,W/P 1
381,12:42:00,W/P 5,Block 1
1101,12:43:00,W/P 2,Block 3
3261,12:43:00,W/P 3,Block 4
2541,12:43:00,W/P 2,Block 3
1821,12:43:00,Block 4,W/P 3
382,12:44:00,W/P 3,Block 3
2542,12:45:00,Block 2,W/P 2
3262,12:45:00,Block 2,W/P 4
1822,12:45:00,W/P 5,Block 2
1102,12:45:00,W/P 3,Block 5
383,12:46:00,W/P 5,Block 2
3263,12:47:00,W/P 5,Block 5
1823,12:47:00,Block 4,W/P 5
1103,12:47:00,Block 2,W/P 1
2543,12:47:00,W/P 1,Block 3
384,12:48:00,Block 4,W/P 5
1824,12:49:00,W/P 5,Block 4
2544,12:49:00,W/P 4,Block 1
3264,12:49:00,Block 2,W/P 4
1104,12:49:00,W/P 5,Block 5
385,12:50:00,Block 5,W/P 1
1825,12:51:00,Block 5,W/P 3
2545,12:51:00,Block 1,W/P 1
3265,12:51:00,Block 5,W/P 5
1105,12:51:00,Block 3,W/P 2
386,12:52:00,Block 3,W/P 2
1826,12:53:00,W/P 1,Block 2
2546,12:53:00,W/P 3,Block 1
3266,12:53:00,W/P 1,Block 1
1106,12:53:00,Block 1,W/P 2
387,12:54:00,W/P 4,Block 3
1107,12:55:00,Block 3,W/P 5
3267,12:55:00,Block 2,W/P 2
2547,12:55:00,W/P 2,Block 4
1827,12:55:00,Block 5,W/P 5
388,12:56:00,Block 5,W/P 3
3268,12:57:00,Block 4,W/P 4
1828,12:57:00,W/P 2,Block 1
2548,12:57:00,Block 1,W/P 4
1108,12:57:00,W/P 3,Block 3
389,12:58:00,W/P 4,Block 1
2549,12:59:00,Block 3,W/P 3
3269,12:59:00,W/P 3,Block 1
1829,12:59:00,Block 1,W/P 3
1109,12:59:00,W/P 2,Block 3
390,13:00:00,Block 3,W/P 3
3270,13:01:00,Block 3,W/P 1
1830,13:01:00,Block 5,W/P 4
1110,13:01:00,W/P 5,Block 5
2550,13:01:00,W/P 3,Block 3
391,13:02:00,W/P 5,Block 4
2551,13:03:00,Block 3,W/P 3
3271,13:03:00,W/P 5,Block 1
1831,13:03:00,W/P 2,Block 3
1111,13:03:00,W/P 1,Block 1
392,13:04:00,W/P 1,Block 1
3272,13:05:00,W/P 4,Block 2
1832,13:05:00,Block 3,W/P 3
2552,13:05:00,W/P 5,Block 3
1112,13:05:00,W/P 5,Block 5
393,13:06:00,W/P 4,Block 1
3273,13:07:00,W/P 4,Block 1
1833,13:07:00,W/P 1,Block 1
2553,13:07:00,W/P 1,Block 2
1113,13:07:00,Block 4,W/P 5
394,13:08:00,W/P 3,Block 3
2554,13:09:00,Block 3,W/P 2
1114,13:09:00,Block 1,W/P 1
1834,13:09:00,W/P 3,Block 4
3274,13:09:00,Block 2,W/P 2
395,13:10:00,W/P 5,Block 1
3275,13:11:00,Block 5,W/P 2
1115,13:11:00,Block 2,W/P 4
1835,13:11:00,Block 3,W/P 4
2555,13:11:00,W/P 2,Block 3
396,13:12:00,Block 2,W/P 1
2556,13:13:00,Block 4,W/P 5
1116,13:13:00,W/P 5,Block 1
3276,13:13:00,Block 1,W/P 5
1836,13:13:00,Block 4,W/P 3
397,13:14:00,Block 4,W/P 5
3277,13:15:00,Block 5,W/P 3
1837,13:15:00,W/P 3,Block 5
1117,13:15:00,W/P 1,Block 3
2557,13:15:00,Block 5,W/P 1
398,13:16:00,Block 1,W/P 1
2558,13:17:00,W/P 1,Block 5
1118,13:17:00,W/P 5,Block 1
1838,13:17:00,Block 1,W/P 2
3278,13:17:00,W/P 4,Block 4
399,13:18:00,W/P 4,Block 5
2559,13:19:00,W/P 4,Block 1
1119,13:19:00,W/P 3,Block 2
3279,13:19:00,Block 4,W/P 2
1839,13:19:00,W/P 4,Block 4
400,13:20:00,W/P 2,Block 1
3280,13:21:00,Block 4,W/P 2
1120,13:21:00,W/P 4,Block 5
1840,13:21:00,Block 4,W/P 1
2560,13:21:00,Block 4,W/P 4
401,13:22:00,Block 4,W/P 3
1121,13:23:00,W/P 5,Block 4
1841,13:23:00,Block 4,W/P 1
2561,13:23:00,W/P 1,Block 2
3281,13:23:00,Block 5,W/P 5
402,13:24:00,Block 4,W/P 1
1122,13:25:00,Block 4,W/P 5
2562,13:25:00,W/P 5,Block 1
1842,13:25:00,Block 4,W/P 3
3282,13:25:00,Block 1,W/P 2
403,13:26:00,Block 2,W/P 1
1123,13:27:00,W/P 4,Block 2
2563,13:27:00,Block 2,W/P 2
1843,13:27:00,W/P 4,Block 4
3283,13:27:00,Block 3,W/P 3
404,13:28:00,Block 5,W/P 4
1844,13:29:00,W/P 4,Block 5
3284,13:29:00,Block 1,W/P 5
2564,13:29:00,Block 5,W/P 5
1124,13:29:00,W/P 4,Block 1
405,13:30:00,W/P 5,Block 5
2565,13:31:00,Block 5,W/P 5
1845,13:31:00,W/P 2,Block 1
1125,13:31:00,W/P 3,Block 3
3285,13:31:00,Block 5,W/P 5
406,13:32:00,W/P 5,Block 2
2566,13:33:00,W/P 2,Block 5
1846,13:33:00,Block 4,W/P 3
1126,13:33:00,W/P 3,Block 4
3286,13:33:00,Block 4,W/P 3
407,13:34:00,Block 2,W/P 3
2567,13:35:00,Block 1,W/P 1
1127,13:35:00,W/P 1,Block 5
1847,13:35:00,W/P 4,Block 3
3287,13:35:00,Block 2,W/P 3
408,13:36:00,Block 5,W/P 2
1848,13:37:00,Block 1,W/P 3
1128,13:37:00,Block 4,W/P 4
2568,13:37:00,W/P 1,Block 1
3288,13:37:00,Block 3,W/P 1
409,13:38:00,W/P 1,Block 5
2569,13:39:00,Block 5,W/P 2
1849,13:39:00,Block 5,W/P 5
3289,13:39:00,Block 4,W/P 4
1129,13:39:00,W/P 4,Block 1
410,13:40:00,Block 1,W/P 5
1850,13:41:00,Block 4,W/P 5
3290,13:41:00,W/P 1,Block 3
2570,13:41:00,W/P 1,Block 1
1130,13:41:00,Block 2,W/P 4
411,13:42:00,W/P 3,Block 3
1851,13:43:00,W/P 2,Block 4
1131,13:43:00,W/P 1,Block 4
2571,13:43:00,W/P 2,Block 1
3291,13:43:00,W/P 2,Block 2
412,13:44:00,Block 3,W/P 5
1132,13:45:00,Block 4,W/P 1
2572,13:45:00,W/P 3,Block 5
3292,13:45:00,Block 2,W/P 2
1852,13:45:00,Block 4,W/P 5
413,13:46:00,Block 5,W/P 4
2573,13:47:00,W/P 3,Block 5
1853,13:47:00,Block 5,W/P 2
3293,13:47:00,W/P 4,Block 5
1133,13:47:00,Block 5,W/P 1
414,13:48:00,W/P 2,Block 3
1134,13:49:00,W/P 4,Block 5
1854,13:49:00,W/P 5,Block 3
2574,13:49:00,W/P 1,Block 4
3294,13:49:00,Block 1,W/P 2
415,13:50:00,Block 3,W/P 3
1135,13:51:00,Block 4,W/P 4
1855,13:51:00,W/P 2,Block 2
2575,13:51:00,Block 5,W/P 2
3295,13:51:00,W/P 4,Block 4
416,13:52:00,W/P 4,Block 2
1136,13:53:00,Block 1,W/P 3
3296,13:53:00,Block 4,W/P 3
1856,13:53:00,W/P 1,Block 1
2576,13:53:00,Block 5,W/P 5
417,13:54:00,W/P 4,Block 2
1137,13:55:00,Block 3,W/P 2
1857,13:55:00,Block 2,W/P 1
3297,13:55:00,W/P 1,Block 1
2577,13:55:00,W/P 4,Block 5
418,13:56:00,W/P 5,Block 4
1858,13:57:00,Block 2,W/P 5
1138,13:57:00,Block 5,W/P 2
2578,13:57:00,Block 3,W/P 5
3298,13:57:00,Block 5,W/P 3
419,13:58:00,W/P 3,Block 3
2579,13:59:00,Block 4,W/P 3
3299,13:59:00,Block 5,W/P 5
1139,13:59:00,Block 4,W/P 1
1859,13:59:00,Block 2,W/P 2
420,14:00:00,Block 5,W/P 5
2580,14:01:00,Block 1,W/P 2
3300,14:01:00,Block 1,W/P 2
1140,14:01:00,Block 4,W/P 2
1860,14:01:00,W/P 3,Block 1
421,14:02:00,W/P 2,Block 5
1141,14:03:00,W/P 1,Block 2
2581,14:03:00,Block 3,W/P 3
1861,14:03:00,Block 4,W/P 5
422,14:04:00,W/P 5,Block 5
1142,14:05:00,W/P 5,Block 2
2582,14:05:00,W/P 2,Block 1
1862,14:05:00,W/P 1,Block 4
423,14:06:00,W/P 1,Block 3
1863,14:07:00,Block 3,W/P 4
2583,14:07:00,W/P 2,Block 1
1143,14:07:00,W/P 1,Block 2
424,14:08:00,Block 4,W/P 1
2584,14:09:00,Block 3,W/P 5
1144,14:09:00,W/P 2,Block 1
1864,14:09:00,W/P 3,Block 5
425,14:10:00,Block 2,W/P 3
1145,14:11:00,W/P 2,Block 1
2585,14:11:00,Block 1,W/P 2
1865,14:11:00,Block 5,W/P 2
426,14:12:00,Block 5,W/P 3
1866,14:13:00,Block 3,W/P 1
2586,14:13:00,W/P 3,Block 4
1146,14:13:00,Block 3,W/P 5
427,14:14:00,Block 5,W/P 5
1867,14:15:00,W/P 4,Block 2
2587,14:15:00,Block 1,W/P 1
1147,14:15:00,W/P 4,Block 1
428,14:16:00,Block 2,W/P 1
1868,14:17:00,Block 2,W/P 1
2588,14:17:00,Block 2,W/P 1
1148,14:17:00,W/P 1,Block 1
429,14:18:00,W/P 3,Block 4
1869,14:19:00,W/P 1,Block 2
1149,14:19:00,Block 1,W/P 3
2589,14:19:00,W/P 3,Block 1
430,14:20:00,Block 2,W/P 3
2590,14:21:00,W/P 3,Block 3
1150,14:21:00,Block 1,W/P 5
1870,14:21:00,Block 4,W/P 4
431,14:22:00,W/P 1,Block 5
2591,14:23:00,Block 4,W/P 2
1151,14:23:00,W/P 1,Block 3
1871,14:23:00,Block 1,W/P 2
432,14:24:00,W/P 4,Block 5
1872,14:25:00,W/P 4,Block 2
1152,14:25:00,W/P 2,Block 1
2592,14:25:00,W/P 2,Block 3
433,14:26:00,Block 2,W/P 3
1873,14:27:00,Block 4,W/P 5
1153,14:27:00,Block 3,W/P 1
2593,14:27:00,W/P 2,Block 5
434,14:28:00,W/P 3,Block 1
1874,14:29:00,Block 3,W/P 2
1154,14:29:00,Block 5,W/P 2
2594,14:29:00,W/P 4,Block 5
435,14:30:00,Block 5,W/P 1
1155,14:31:00,Block 5,W/P 5
2595,14:31:00,W/P 2,Block 1
1875,14:31:00,W/P 5,Block 2
436,14:32:00,Block 4,W/P 1
2596,14:33:00,Block 2,W/P 5
1876,14:33:00,W/P 1,Block 3
1156,14:33:00,Block 3,W/P 3
437,14:34:00,Block 3,W/P 4
1157,14:35:00,Block 2,W/P 1
1877,14:35:00,Block 2,W/P 2
2597,14:35:00,W/P 3,Block 3
438,14:36:00,W/P 3,Block 4
1878,14:37:00,Block 3,W/P 5
2598,14:37:00,Block 4,W/P 3
1158,14:37:00,Block 5,W/P 3
439,14:38:00,Block 5,W/P 4
1879,14:39:00,W/P 4,Block 5
2599,14:39:00,W/P 4,Block 5
1159,14:39:00,Block 5,W/P 1
440,14:40:00,Block 2,W/P 4
2600,14:41:00,Block 5,W/P 3
1880,14:41:00,W/P 4,Block 5
1160,14:41:00,W/P 4,Block 4
441,14:42:00,Block 1,W/P 4
1161,14:43:00,Block 3,W/P 4
1881,14:43:00,W/P 2,Block 1
2601,14:43:00,W/P 4,Block 2
442,14:44:00,W/P 5,Block 2
1162,14:45:00,Block 1,W/P 2
1882,14:45:00,W/P 5,Block 5
2602,14:45:00,W/P 3,Block 2
443,14:46:00,W/P 3,Block 4
2603,14:47:00,Block 3,W/P 3
1883,14:47:00,Block 3,W/P 5
1163,14:47:00,Block 5,W/P 3
444,14:48:00,Block 5,W/P 1
2604,14:49:00,W/P 1,Block 3
1164,14:49:00,Block 4,W/P 1
1884,14:49:00,W/P 2,Block 5
445,14:50:00,W/P 5,Block 2
1165,14:51:00,W/P 1,Block 3
2605,14:51:00,W/P 4,Block 3
1885,14:51:00,W/P 1,Block 5
446,14:52:00,Block 2,W/P 2
1166,14:53:00,W/P 2,Block 3
2606,14:53:00,Block 5,W/P 1
1886,14:53:00,Block 4,W/P 1
447,14:54:00,Block 3,W/P 3
1167,14:55:00,Block 1,W/P 3
1887,14:55:00,W/P 4,Block 1
2607,14:55:00,Block 4,W/P 4
448,14:56:00,W/P 3,Block 2
1168,14:57:00,Block 1,W/P 2
2608,14:57:00,W/P 3,Block 4
1888,14:57:00,Block 3,W/P 5
449,14:58:00,Block 3,W/P 4
2609,14:59:00,W/P 5,Block 5
1889,14:59:00,W/P 2,Block 5
1169,14:59:00,Block 5,W/P 1
450,15:00:00,Block 4,W/P 3
2610,15:01:00,W/P 4,Block 1
1170,15:01:00,Block 2,W/P 4
1890,15:01:00,Block 4,W/P 2
451,15:02:00,Block 4,W/P 4
2611,15:03:00,W/P 2,Block 3
1171,15:03:00,Block 1,W/P 2
1891,15:03:00,W/P 2,Block 2
452,15:04:00,W/P 2,Block 5
1892,15:05:00,W/P 3,Block 5
1172,15:05:00,Block 5,W/P 1
2612,15:05:00,Block 4,W/P 1
453,15:06:00,Block 2,W/P 4
1173,15:07:00,Block 2,W/P 4
1893,15:07:00,Block 5,W/P 2
2613,15:07:00,Block 1,W/P 3
454,15:08:00,Block 2,W/P 5
2614,15:09:00,Block 1,W/P 1
1174,15:09:00,Block 3,W/P 1
1894,15:09:00,Block 5,W/P 2
455,15:10:00,W/P 3,Block 5
2615,15:11:00,W/P 5,Block 4
1895,15:11:00,Block 1,W/P 5
1175,15:11:00,Block 1,W/P 2
456,15:12:00,Block 3,W/P 5
2616,15:13:00,W/P 1,Block 1
1896,15:13:00,Block 4,W/P 3
1176,15:13:00,Block 3,W/P 5
457,15:14:00,W/P 4,Block 2
1897,15:15:00,W/P 2,Block 2
2617,15:15:00,W/P 5,Block 1
1177,15:15:00,Block 3,W/P 4
458,15:16:00,W/P 2,Block 5
1178,15:17:00,W/P 5,Block 3
1898,15:17:00,Block 5,W/P 4
2618,15:17:00,Block 3,W/P 4
459,15:18:00,W/P 4,Block 2
2619,15:19:00,W/P 4,Block 5
1179,15:19:00,W/P 4,Block 3
1899,15:19:00,Block 3,W/P 3
460,15:20:00,Block 4,W/P 4
2620,15:21:00,W/P 4,Block 4
1900,15:21:00,Block 1,W/P 1
1180,15:21:00,W/P 4,Block 3
461,15:22:00,W/P 4,Block 1
2621,15:23:00,W/P 5,Block 4
1181,15:23:00,Block 1,W/P 4
1901,15:23:00,W/P 4,Block 3
462,15:24:00,W/P 3,Block 4
1902,15:25:00,W/P 2,Block 1
1182,15:25:00,Block 2,W/P 4
2622,15:25:00,W/P 3,Block 2
463,15:26:00,W/P 1,Block 4
1183,15:27:00,Block 4,W/P 1
1903,15:27:00,Block 3,W/P 2
2623,15:27:00,W/P 1,Block 3
464,15:28:00,Block 1,W/P 5
1184,15:29:00,W/P 4,Block 4
1904,15:29:00,Block 5,W/P 4
2624,15:29:00,W/P 1,Block 1
465,15:30:00,Block 3,W/P 1
1185,15:31:00,Block 3,W/P 4
1905,15:31:00,W/P 4,Block 3
2625,15:31:00,W/P 3,Block 4
466,15:32:00,W/P 2,Block 3
1906,15:33:00,Block 4,W/P 1
2626,15:33:00,W/P 4,Block 5
1186,15:33:00,Block 5,W/P 5
467,15:34:00,Block 1,W/P 3
2627,15:35:00,Block 1,W/P 1
1187,15:35:00,Block 4,W/P 4
1907,15:35:00,W/P 3,Block 1
468,15:36:00,W/P 1,Block 1
2628,15:37:00,Block 4,W/P 3
1188,15:37:00,Block 2,W/P 4
1908,15:37:00,Block 5,W/P 2
469,15:38:00,Block 2,W/P 1
1909,15:39:00,W/P 1,Block 1
2629,15:39:00,Block 1,W/P 3
1189,15:39:00,Block 4,W/P 2
470,15:40:00,W/P 4,Block 4
1190,15:41:00,Block 4,W/P 4
1910,15:41:00,W/P 3,Block 3
2630,15:41:00,Block 5,W/P 2
471,15:42:00,Block 1,W/P 4
1911,15:43:00,W/P 5,Block 5
2631,15:43:00,W/P 3,Block 3
1191,15:43:00,W/P 5,Block 2
472,15:44:00,Block 4,W/P 5
1192,15:45:00,Block 4,W/P 2
2632,15:45:00,Block 5,W/P 1
1912,15:45:00,W/P 2,Block 1
473,15:46:00,W/P 5,Block 2
1913,15:47:00,W/P 1,Block 2
1193,15:47:00,Block 4,W/P 3
2633,15:47:00,W/P 2,Block 5
474,15:48:00,Block 2,W/P 1
1194,15:49:00,W/P 5,Block 4
1914,15:49:00,W/P 5,Block 2
2634,15:49:00,Block 4,W/P 2
475,15:50:00,W/P 5,Block 3
2635,15:51:00,Block 3,W/P 4
1915,15:51:00,Block 1,W/P 5
1195,15:51:00,Block 4,W/P 4
476,15:52:00,W/P 2,Block 5
1196,15:53:00,Block 3,W/P 5
2636,15:53:00,W/P 1,Block 4
1916,15:53:00,W/P 2,Block 4
477,15:54:00,Block 4,W/P 1
1197,15:55:00,W/P 4,Block 4
2637,15:55:00,Block 4,W/P 5
1917,15:55:00,W/P 5,Block 5
478,15:56:00,W/P 1,Block 2
1198,15:57:00,Block 1,W/P 5
2638,15:57:00,W/P 3,Block 4
1918,15:57:00,W/P 3,Block 4
479,15:58:00,Block 4,W/P 2
1919,15:59:00,W/P 3,Block 4
1199,15:59:00,Block 5,W/P 1
2639,15:59:00,W/P 2,Block 4
480,16:00:00,Block 4,W/P 2
1920,16:01:00,W/P 5,Block 3
1200,16:01:00,W/P 2,Block 2
2640,16:01:00,W/P 5,Block 2
481,16:02:00,Block 3,W/P 3
1201,16:03:00,Block 4,W/P 5
2641,16:03:00,W/P 5,Block 5
1921,16:03:00,Block 2,W/P 2
482,16:04:00,W/P 4,Block 2
2642,16:05:00,W/P 4,Block 1
1202,16:05:00,Block 4,W/P 4
1922,16:05:00,W/P 5,Block 1
483,16:06:00,Block 3,W/P 4
2643,16:07:00,Block 1,W/P 1
1923,16:07:00,Block 5,W/P 5
1203,16:07:00,W/P 5,Block 3
484,16:08:00,Block 4,W/P 3
1204,16:09:00,Block 5,W/P 3
2644,16:09:00,Block 1,W/P 1
1924,16:09:00,W/P 3,Block 4
485,16:10:00,W/P 1,Block 3
1925,16:11:00,W/P 4,Block 5
2645,16:11:00,Block 3,W/P 1
1205,16:11:00,Block 4,W/P 2
486,16:12:00,W/P 2,Block 4
1206,16:13:00,W/P 3,Block 4
1926,16:13:00,W/P 5,Block 4
2646,16:13:00,W/P 1,Block 1
487,16:14:00,Block 2,W/P 5
1927,16:15:00,Block 4,W/P 1
1207,16:15:00,W/P 2,Block 1
2647,16:15:00,W/P 3,Block 4
488,16:16:00,Block 5,W/P 1
2648,16:17:00,Block 5,W/P 4
1928,16:17:00,W/P 1,Block 2
1208,16:17:00,Block 1,W/P 4
489,16:18:00,W/P 2,Block 4
2649,16:19:00,W/P 4,Block 1
1929,16:19:00,Block 3,W/P 2
1209,16:19:00,W/P 3,Block 5
490,16:20:00,W/P 4,Block 3
1210,16:21:00,Block 2,W/P 2
1930,16:21:00,Block 1,W/P 1
2650,16:21:00,Block 1,W/P 3
491,16:22:00,W/P 1,Block 5
1211,16:23:00,W/P 4,Block 3
2651,16:23:00,W/P 2,Block 3
1931,16:23:00,Block 1,W/P 1
492,16:24:00,Block 2,W/P 2
1932,16:25:00,Block 3,W/P 5
1212,16:25:00,W/P 5,Block 5
2652,16:25:00,Block 1,W/P 2
493,16:26:00,Block 3,W/P 2
2653,16:27:00,W/P 4,Block 1
1933,16:27:00,Block 5,W/P 5
1213,16:27:00,Block 3,W/P 4
494,16:28:00,Block 2,W/P 1
1934,16:29:00,W/P 5,Block 2
2654,16:29:00,Block 1,W/P 2
1214,16:29:00,W/P 3,Block 4
495,16:30:00,W/P 5,Block 2
1935,16:31:00,W/P 1,Block 1
2655,16:31:00,W/P 1,Block 2
1215,16:31:00,Block 3,W/P 5
496,16:32:00,W/P 5,Block 4
2656,16:33:00,Block 3,W/P 3
1216,16:33:00,Block 2,W/P 4
1936,16:33:00,W/P 4,Block 2
497,16:34:00,Block 1,W/P 5
1937,16:35:00,W/P 3,Block 4
2657,16:35:00,W/P 1,Block 4
1217,16:35:00,Block 5,W/P 5
498,16:36:00,W/P 5,Block 2
1938,16:37:00,Block 4,W/P 2
1218,16:37:00,W/P 3,Block 3
2658,16:37:00,W/P 1,Block 3
499,16:38:00,W/P 3,Block 5
1219,16:39:00,Block 1,W/P 5
1939,16:39:00,W/P 1,Block 5
2659,16:39:00,Block 4,W/P 3
500,16:40:00,Block 4,W/P 2
2660,16:41:00,Block 1,W/P 2
1220,16:41:00,Block 2,W/P 4
1940,16:41:00,W/P 4,Block 5
501,16:42:00,Block 1,W/P 3
1941,16:43:00,Block 5,W/P 2
1221,16:43:00,Block 5,W/P 4
2661,16:43:00,Block 5,W/P 4
502,16:44:00,Block 1,W/P 3
1942,16:45:00,Block 4,W/P 3
2662,16:45:00,Block 5,W/P 3
1222,16:45:00,Block 4,W/P 4
503,16:46:00,Block 3,W/P 2
1223,16:47:00,Block 1,W/P 4
1943,16:47:00,W/P 3,Block 3
2663,16:47:00,Block 4,W/P 1
504,16:48:00,Block 2,W/P 3
1224,16:49:00,W/P 1,Block 5
1944,16:49:00,Block 2,W/P 5
2664,16:49:00,W/P 2,Block 1
505,16:50:00,Block 4,W/P 3
1945,16:51:00,W/P 1,Block 5
2665,16:51:00,W/P 4,Block 2
1225,16:51:00,W/P 3,Block 4
506,16:52:00,W/P 3,Block 1
2666,16:53:00,Block 5,W/P 4
1946,16:53:00,W/P 4,Block 5
1226,16:53:00,W/P 5,Block 3
507,16:54:00,Block 2,W/P 2
1227,16:55:00,Block 2,W/P 5
2667,16:55:00,Block 2,W/P 5
1947,16:55:00,Block 2,W/P 4
508,16:56:00,Block 5,W/P 1
1948,16:57:00,W/P 2,Block 3
2668,16:57:00,Block 2,W/P 1
1228,16:57:00,W/P 5,Block 4
509,16:58:00,W/P 1,Block 1
1949,16:59:00,Block 3,W/P 5
2669,16:59:00,Block 4,W/P 1
1229,16:59:00,Block 4,W/P 3
510,17:00:00,W/P 4,Block 4
2670,17:01:00,W/P 5,Block 1
1950,17:01:00,W/P 3,Block 1
1230,17:01:00,Block 5,W/P 4
511,17:02:00,W/P 5,Block 1
1951,17:03:00,Block 1,W/P 1
1231,17:03:00,W/P 2,Block 4
2671,17:03:00,Block 3,W/P 5
512,17:04:00,Block 5,W/P 3
1952,17:05:00,Block 4,W/P 1
2672,17:05:00,Block 2,W/P 5
1232,17:05:00,W/P 1,Block 3
513,17:06:00,W/P 4,Block 1
1953,17:07:00,W/P 5,Block 4
2673,17:07:00,Block 2,W/P 5
1233,17:07:00,W/P 5,Block 2
514,17:08:00,Block 2,W/P 1
1954,17:09:00,Block 4,W/P 2
2674,17:09:00,W/P 2,Block 2
1234,17:09:00,W/P 2,Block 4
515,17:10:00,Block 3,W/P 2
1235,17:11:00,W/P 5,Block 1
2675,17:11:00,Block 2,W/P 2
1955,17:11:00,W/P 3,Block 2
516,17:12:00,W/P 1,Block 2
1236,17:13:00,Block 4,W/P 2
2676,17:13:00,W/P 2,Block 1
1956,17:13:00,W/P 4,Block 4
517,17:14:00,Block 4,W/P 3
2677,17:15:00,Block 1,W/P 3
1237,17:15:00,Block 2,W/P 5
1957,17:15:00,Block 1,W/P 2
518,17:16:00,Block 4,W/P 1
2678,17:17:00,W/P 2,Block 5
1958,17:17:00,W/P 5,Block 3
1238,17:17:00,Block 2,W/P 5
519,17:18:00,Block 4,W/P 4
2679,17:19:00,Block 3,W/P 5
1959,17:19:00,Block 5,W/P 2
1239,17:19:00,W/P 2,Block 3
520,17:20:00,W/P 4,Block 4
1960,17:21:00,W/P 1,Block 2
2680,17:21:00,Block 2,W/P 2
1240,17:21:00,W/P 1,Block 4
521,17:22:00,W/P 2,Block 3
1961,17:23:00,W/P 4,Block 4
1241,17:23:00,W/P 5,Block 5
2681,17:23:00,Block 4,W/P 4
522,17:24:00,Block 5,W/P 1
1962,17:25:00,Block 4,W/P 5
1242,17:25:00,Block 4,W/P 5
2682,17:25:00,Block 5,W/P 4
523,17:26:00,W/P 2,Block 4
1243,17:27:00,Block 2,W/P 5
2683,17:27:00,Block 4,W/P 2
1963,17:27:00,Block 4,W/P 4
524,17:28:00,Block 5,W/P 3
1964,17:29:00,Block 2,W/P 2
2684,17:29:00,Block 1,W/P 2
1244,17:29:00,Block 4,W/P 1
525,17:30:00,Block 1,W/P 3
1245,17:31:00,Block 5,W/P 1
2685,17:31:00,Block 4,W/P 4
1965,17:31:00,W/P 2,Block 2
526,17:32:00,Block 1,W/P 5
1246,17:33:00,Block 5,W/P 5
2686,17:33:00,W/P 3,Block 1
1966,17:33:00,W/P 5,Block 5
527,17:34:00,Block 1,W/P 5
1247,17:35:00,W/P 2,Block 1
2687,17:35:00,W/P 4,Block 4
1967,17:35:00,Block 1,W/P 2
528,17:36:00,Block 1,W/P 3
1968,17:37:00,Block 1,W/P 2
1248,17:37:00,W/P 5,Block 4
2688,17:37:00,Block 1,W/P 5
529,17:38:00,W/P 5,Block 3
1969,17:39:00,W/P 1,Block 1
2689,17:39:00,Block 1,W/P 5
1249,17:39:00,Block 3,W/P 5
530,17:40:00,W/P 3,Block 3
2690,17:41:00,Block 5,W/P 1
1250,17:41:00,Block 2,W/P 1
1970,17:41:00,Block 2,W/P 4
531,17:42:00,W/P 4,Block 1
2691,17:43:00,Block 4,W/P 3
1971,17:43:00,W/P 3,Block 2
1251,17:43:00,Block 3,W/P 1
532,17:44:00,Block 2,W/P 4
1972,17:45:00,Block 2,W/P 3
1252,17:45:00,Block 5,W/P 2
2692,17:45:00,Block 2,W/P 1
533,17:46:00,W/P 1,Block 4
1253,17:47:00,W/P 5,Block 3
2693,17:47:00,Block 5,W/P 1
1973,17:47:00,Block 2,W/P 5
534,17:48:00,Block 1,W/P 1
1254,17:49:00,Block 1,W/P 2
2694,17:49:00,W/P 2,Block 1
1974,17:49:00,W/P 5,Block 3
535,17:50:00,Block 1,W/P 3
1975,17:51:00,W/P 5,Block 4
1255,17:51:00,W/P 5,Block 1
2695,17:51:00,W/P 1,Block 5
536,17:52:00,Block 3,W/P 1
2696,17:53:00,Block 4,W/P 5
1256,17:53:00,W/P 4,Block 5
1976,17:53:00,Block 2,W/P 4
537,17:54:00,W/P 3,Block 1
2697,17:55:00,W/P 1,Block 4
1257,17:55:00,W/P 1,Block 4
1977,17:55:00,Block 3,W/P 4
538,17:56:00,Block 1,W/P 1
2698,17:57:00,Block 4,W/P 5
1978,17:57:00,Block 3,W/P 1
1258,17:57:00,Block 3,W/P 1
539,17:58:00,Block 2,W/P 3
1979,17:59:00,W/P 5,Block 4
1259,17:59:00,W/P 4,Block 5
2699,17:59:00,Block 3,W/P 3
540,18:00:00,W/P 5,Block 2
2700,18:01:00,Block 1,W/P 2
1260,18:01:00,W/P 1,Block 4
1980,18:01:00,W/P 4,Block 1
541,18:02:00,Block 3,W/P 2
2701,18:03:00,Block 3,W/P 4
1261,18:03:00,W/P 3,Block 3
1981,18:03:00,W/P 2,Block 5
542,18:04:00,W/P 2,Block 5
1262,18:05:00,W/P 3,Block 2
2702,18:05:00,W/P 3,Block 3
1982,18:05:00,Block 2,W/P 2
543,18:06:00,W/P 5,Block 2
1263,18:07:00,Block 3,W/P 4
1983,18:07:00,W/P 1,Block 5
2703,18:07:00,W/P 1,Block 1
544,18:08:00,Block 1,W/P 3
2704,18:09:00,W/P 4,Block 4
1264,18:09:00,Block 2,W/P 4
1984,18:09:00,W/P 3,Block 1
545,18:10:00,W/P 2,Block 3
1265,18:11:00,W/P 2,Block 4
2705,18:11:00,W/P 4,Block 4
1985,18:11:00,Block 1,W/P 3
546,18:12:00,W/P 3,Block 3
2706,18:13:00,Block 3,W/P 2
1986,18:13:00,Block 2,W/P 1
1266,18:13:00,W/P 1,Block 1
547,18:14:00,Block 1,W/P 3
2707,18:15:00,Block 1,W/P 4
1987,18:15:00,Block 5,W/P 5
1267,18:15:00,Block 4,W/P 5
548,18:16:00,Block 1,W/P 4
1988,18:17:00,W/P 4,Block 2
2708,18:17:00,W/P 2,Block 1
1268,18:17:00,Block 3,W/P 4
549,18:18:00,Block 4,W/P 3
1989,18:19:00,Block 3,W/P 3
1269,18:19:00,Block 1,W/P 2
2709,18:19:00,Block 1,W/P 1
550,18:20:00,W/P 2,Block 4
1990,18:21:00,Block 5,W/P 3
1270,18:21:00,Block 4,W/P 2
2710,18:21:00,W/P 2,Block 4
551,18:22:00,W/P 3,Block 5
2711,18:23:00,W/P 1,Block 5
1271,18:23:00,W/P 4,Block 1
1991,18:23:00,Block 5,W/P 2
552,18:24:00,W/P 4,Block 4
2712,18:25:00,W/P 3,Block 3
1272,18:25:00,Block 5,W/P 4
1992,18:25:00,Block 4,W/P 3
553,18:26:00,Block 3,W/P 2
2713,18:27:00,Block 4,W/P 2
1993,18:27:00,W/P 3,Block 2
1273,18:27:00,W/P 2,Block 4
554,18:28:00,W/P 5,Block 5
1994,18:29:00,W/P 5,Block 5
2714,18:29:00,Block 1,W/P 5
1274,18:29:00,W/P 5,Block 5
555,18:30:00,Block 1,W/P 1
1275,18:31:00,W/P 4,Block 2
1995,18:31:00,Block 5,W/P 2
2715,18:31:00,W/P 5,Block 2
556,18:32:00,W/P 2,Block 4
1996,18:33:00,W/P 1,Block 2
1276,18:33:00,W/P 4,Block 2
2716,18:33:00,W/P 5,Block 5
557,18:34:00,Block 5,W/P 5
1997,18:35:00,Block 4,W/P 5
1277,18:35:00,W/P 3,Block 5
2717,18:35:00,Block 3,W/P 4
558,18:36:00,W/P 3,Block 4
1998,18:37:00,W/P 4,Block 1
2718,18:37:00,Block 4,W/P 2
1278,18:37:00,W/P 4,Block 4
559,18:38:00,W/P 3,Block 4
2719,18:39:00,W/P 3,Block 2
1279,18:39:00,Block 1,W/P 5
1999,18:39:00,W/P 2,Block 4
560,18:40:00,Block 1,W/P 5
2720,18:41:00,Block 4,W/P 5
2000,18:41:00,W/P 1,Block 5
1280,18:41:00,Block 4,W/P 4
561,18:42:00,W/P 4,Block 3
2001,18:43:00,W/P 1,Block 5
1281,18:43:00,W/P 1,Block 4
2721,18:43:00,W/P 3,Block 3
562,18:44:00,Block 1,W/P 2
2722,18:45:00,Block 2,W/P 2
1282,18:45:00,W/P 1,Block 4
2002,18:45:00,W/P 1,Block 1
563,18:46:00,W/P 4,Block 3
2003,18:47:00,Block 4,W/P 1
2723,18:47:00,Block 5,W/P 5
1283,18:47:00,Block 2,W/P 1
564,18:48:00,W/P 5,Block 1
2004,18:49:00,Block 2,W/P 5
1284,18:49:00,W/P 2,Block 4
2724,18:49:00,Block 5,W/P 3
565,18:50:00,W/P 4,Block 5
2005,18:51:00,W/P 2,Block 5
1285,18:51:00,W/P 4,Block 5
2725,18:51:00,W/P 1,Block 3
566,18:52:00,Block 5,W/P 3
1286,18:53:00,W/P 4,Block 3
2726,18:53:00,W/P 5,Block 3
2006,18:53:00,W/P 3,Block 4
567,18:54:00,Block 1,W/P 1
2007,18:55:00,W/P 3,Block 1
1287,18:55:00,W/P 5,Block 3
2727,18:55:00,Block 4,W/P 4
568,18:56:00,W/P 3,Block 4
1288,18:57:00,W/P 1,Block 5
2728,18:57:00,Block 1,W/P 5
2008,18:57:00,W/P 5,Block 3
569,18:58:00,W/P 4,Block 2
1289,18:59:00,Block 4,W/P 1
2009,18:59:00,Block 3,W/P 2
2729,18:59:00,Block 2,W/P 2
570,19:00:00,W/P 2,Block 2
2730,19:01:00,W/P 1,Block 3
2010,19:01:00,Block 4,W/P 2
1290,19:01:00,Block 3,W/P 5
571,19:02:00,Block 2,W/P 1
2731,19:03:00,W/P 4,Block 1
1291,19:03:00,Block 4,W/P 3
2011,19:03:00,Block 3,W/P 2
572,19:04:00,W/P 2,Block 3
1292,19:05:00,Block 5,W/P 2
2732,19:05:00,Block 2,W/P 2
2012,19:05:00,W/P 3,Block 4
573,19:06:00,Block 4,W/P 3
2013,19:07:00,W/P 4,Block 1
2733,19:07:00,Block 2,W/P 2
1293,19:07:00,W/P 1,Block 4
574,19:08:00,Block 5,W/P 3
1294,19:09:00,Block 3,W/P 3
2014,19:09:00,Block 2,W/P 2
2734,19:09:00,W/P 2,Block 1
575,19:10:00,Block 4,W/P 1
2015,19:11:00,W/P 2,Block 4
2735,19:11:00,Block 3,W/P 3
1295,19:11:00,W/P 2,Block 4
576,19:12:00,Block 1,W/P 4
2016,19:13:00,Block 5,W/P 5
1296,19:13:00,Block 1,W/P 3
2736,19:13:00,W/P 5,Block 5
577,19:14:00,W/P 3,Block 4
2017,19:15:00,W/P 5,Block 4
1297,19:15:00,W/P 3,Block 3
2737,19:15:00,W/P 2,Block 1
578,19:16:00,W/P 1,Block 1
1298,19:17:00,Block 2,W/P 1
2018,19:17:00,W/P 2,Block 4
2738,19:17:00,W/P 4,Block 3
579,19:18:00,W/P 3,Block 5
2019,19:19:00,Block 1,W/P 2
2739,19:19:00,W/P 2,Block 4
1299,19:19:00,Block 4,W/P 5
580,19:20:00,Block 2,W/P 5
2740,19:21:00,W/P 1,Block 3
1300,19:21:00,Block 2,W/P 3
2020,19:21:00,W/P 4,Block 2
581,19:22:00,Block 1,W/P 2
2741,19:23:00,W/P 1,Block 5
1301,19:23:00,W/P 3,Block 1
2021,19:23:00,W/P 1,Block 1
582,19:24:00,Block 2,W/P 2
1302,19:25:00,W/P 1,Block 3
2022,19:25:00,W/P 5,Block 1
2742,19:25:00,W/P 1,Block 2
583,19:26:00,W/P 3,Block 1
1303,19:27:00,Block 2,W/P 1
2743,19:27:00,W/P 2,Block 4
2023,19:27:00,Block 1,W/P 4
584,19:28:00,Block 5,W/P 2
1304,19:29:00,W/P 1,Block 1
2744,19:29:00,W/P 5,Block 3
2024,19:29:00,Block 3,W/P 5
585,19:30:00,Block 4,W/P 3
1305,19:31:00,Block 2,W/P 2
2025,19:31:00,W/P 5,Block 3
2745,19:31:00,Block 1,W/P 2
586,19:32:00,W/P 3,Block 1
2746,19:33:00,W/P 2,Block 2
1306,19:33:00,W/P 1,Block 1
2026,19:33:00,W/P 4,Block 1
587,19:34:00,Block 3,W/P 1
2747,19:35:00,W/P 4,Block 1
1307,19:35:00,Block 2,W/P 2
2027,19:35:00,W/P 2,Block 2
588,19:36:00,Block 2,W/P 2
2748,19:37:00,Block 1,W/P 4
2028,19:37:00,W/P 2,Block 3
1308,19:37:00,Block 5,W/P 5
589,19:38:00,W/P 5,Block 5
1309,19:39:00,W/P 2,Block 3
2749,19:39:00,Block 1,W/P 1
2029,19:39:00,W/P 4,Block 2
590,19:40:00,W/P 2,Block 5
1310,19:41:00,W/P 1,Block 1
2750,19:41:00,Block 3,W/P 4
2030,19:41:00,Block 1,W/P 3
591,19:42:00,W/P 4,Block 4
1311,19:43:00,W/P 2,Block 5
2031,19:43:00,W/P 1,Block 2
2751,19:43:00,Block 1,W/P 5
592,19:44:00,Block 5,W/P 3
1312,19:45:00,Block 2,W/P 5
2752,19:45:00,Block 5,W/P 1
2032,19:45:00,W/P 3,Block 5
593,19:46:00,W/P 5,Block 1
1313,19:47:00,Block 3,W/P 2
2753,19:47:00,Block 4,W/P 5
2033,19:47:00,Block 4,W/P 5
594,19:48:00,W/P 5,Block 2
2034,19:49:00,Block 2,W/P 1
2754,19:49:00,Block 5,W/P 4
1314,19:49:00,Block 4,W/P 3
595,19:50:00,W/P 2,Block 3
2755,19:51:00,W/P 2,Block 1
2035,19:51:00,Block 3,W/P 2
1315,19:51:00,Block 1,W/P 2
596,19:52:00,W/P 4,Block 1
1316,19:53:00,Block 2,W/P 3
2036,19:53:00,W/P 3,Block 4
2756,19:53:00,Block 1,W/P 5
597,19:54:00,Block 2,W/P 3
1317,19:55:00,W/P 3,Block 5
2037,19:55:00,Block 1,W/P 1
2757,19:55:00,Block 2,W/P 3
598,19:56:00,W/P 3,Block 2
1318,19:57:00,W/P 1,Block 4
2758,19:57:00,W/P 1,Block 1
2038,19:57:00,W/P 5,Block 4
599,19:58:00,Block 5,W/P 2
1319,19:59:00,W/P 4,Block 4
2039,19:59:00,Block 2,W/P 4
2759,19:59:00,Block 2,W/P 5
600,20:00:00,W/P 4,Block 3
2760,20:01:00,Block 1,W/P 4
2040,20:01:00,Block 1,W/P 1
1320,20:01:00,Block 4,W/P 5
601,20:02:00,W/P 4,Block 5
1321,20:03:00,Block 2,W/P 1
2761,20:03:00,Block 3,W/P 5
2041,20:03:00,W/P 3,Block 1
602,20:04:00,Block 4,W/P 5
1322,20:05:00,W/P 5,Block 2
2762,20:05:00,W/P 2,Block 4
2042,20:05:00,Block 5,W/P 4
603,20:06:00,W/P 5,Block 4
2763,20:07:00,Block 4,W/P 3
2043,20:07:00,W/P 4,Block 2
1323,20:07:00,Block 4,W/P 2
604,20:08:00,W/P 1,Block 5
2044,20:09:00,Block 3,W/P 1
2764,20:09:00,W/P 3,Block 3
1324,20:09:00,W/P 5,Block 1
605,20:10:00,W/P 2,Block 4
2765,20:11:00,W/P 5,Block 1
2045,20:11:00,W/P 1,Block 1
1325,20:11:00,W/P 5,Block 4
606,20:12:00,W/P 2,Block 5
2766,20:13:00,Block 2,W/P 5
2046,20:13:00,Block 1,W/P 5
1326,20:13:00,Block 4,W/P 2
607,20:14:00,Block 1,W/P 4
2047,20:15:00,W/P 3,Block 2
1327,20:15:00,Block 3,W/P 1
2767,20:15:00,Block 2,W/P 3
608,20:16:00,W/P 5,Block 4
2768,20:17:00,W/P 3,Block 4
1328,20:17:00,Block 1,W/P 4
2048,20:17:00,W/P 2,Block 5
609,20:18:00,Block 2,W/P 2
2049,20:19:00,W/P 4,Block 1
2769,20:19:00,W/P 1,Block 5
1329,20:19:00,W/P 1,Block 3
610,20:20:00,W/P 3,Block 3
2050,20:21:00,W/P 5,Block 5
2770,20:21:00,W/P 4,Block 3
1330,20:21:00,W/P 1,Block 5
611,20:22:00,Block 2,W/P 2
2051,20:23:00,W/P 4,Block 4
2771,20:23:00,Block 2,W/P 3
1331,20:23:00,W/P 3,Block 4
612,20:24:00,W/P 1,Block 3
2052,20:25:00,W/P 1,Block 3
2772,20:25:00,Block 3,W/P 3
1332,20:25:00,W/P 2,Block 5
613,20:26:00,Block 2,W/P 2
2773,20:27:00,W/P 3,Block 3
1333,20:27:00,W/P 1,Block 5
2053,20:27:00,W/P 2,Block 3
614,20:28:00,W/P 4,Block 4
2774,20:29:00,W/P 2,Block 1
1334,20:29:00,Block 4,W/P 2
2054,20:29:00,W/P 3,Block 2
615,20:30:00,Block 2,W/P 1
1335,20:31:00,Block 4,W/P 4
2055,20:31:00,Block 3,W/P 3
2775,20:31:00,W/P 1,Block 1
616,20:32:00,Block 2,W/P 4
1336,20:33:00,Block 1,W/P 5
2776,20:33:00,W/P 3,Block 2
2056,20:33:00,Block 3,W/P 5
617,20:34:00,Block 2,W/P 5
1337,20:35:00,Block 4,W/P 1
2057,20:35:00,W/P 1,Block 2
2777,20:35:00,Block 2,W/P 4
618,20:36:00,W/P 1,Block 3
1338,20:37:00,W/P 2,Block 1
2058,20:37:00,Block 5,W/P 4
2778,20:37:00,Block 2,W/P 3
619,20:38:00,W/P 2,Block 3
2779,20:39:00,Block 1,W/P 1
2059,20:39:00,Block 3,W/P 2
1339,20:39:00,W/P 2,Block 1
620,20:40:00,W/P 4,Block 5
2780,20:41:00,W/P 1,Block 1
2060,20:41:00,Block 1,W/P 5
1340,20:41:00,Block 2,W/P 4
621,20:42:00,W/P 3,Block 5
2781,20:43:00,Block 4,W/P 4
2061,20:43:00,W/P 5,Block 2
1341,20:43:00,Block 2,W/P 4
622,20:44:00,Block 2,W/P 4
1342,20:45:00,W/P 5,Block 5
2062,20:45:00,Block 2,W/P 1
2782,20:45:00,W/P 2,Block 3
623,20:46:00,Block 1,W/P 4
1343,20:47:00,W/P 5,Block 1
2783,20:47:00,Block 1,W/P 3
2063,20:47:00,W/P 1,Block 5
624,20:48:00,Block 4,W/P 3
1344,20:49:00,Block 2,W/P 1
2064,20:49:00,Block 2,W/P 4
2784,20:49:00,Block 2,W/P 4
625,20:50:00,Block 4,W/P 4
2785,20:51:00,Block 1,W/P 3
1345,20:51:00,Block 3,W/P 5
2065,20:51:00,W/P 4,Block 2
626,20:52:00,Block 4,W/P 4
2066,20:53:00,Block 5,W/P 1
1346,20:53:00,W/P 2,Block 4
2786,20:53:00,Block 4,W/P 3
627,20:54:00,Block 3,W/P 3
2067,20:55:00,Block 3,W/P 2
1347,20:55:00,Block 4,W/P 5
2787,20:55:00,W/P 1,Block 3
628,20:56:00,Block 1,W/P 1
2068,20:57:00,Block 4,W/P 2
1348,20:57:00,Block 1,W/P 3
2788,20:57:00,W/P 3,Block 5
629,20:58:00,Block 3,W/P 1
1349,20:59:00,W/P 5,Block 3
2069,20:59:00,Block 3,W/P 2
2789,20:59:00,Block 2,W/P 1
630,21:00:00,W/P 3,Block 2
2070,21:01:00,W/P 1,Block 2
2790,21:01:00,W/P 1,Block 1
1350,21:01:00,W/P 3,Block 3
631,21:02:00,W/P 1,Block 3
2791,21:03:00,W/P 2,Block 2
1351,21:03:00,Block 5,W/P 4
2071,21:03:00,Block 3,W/P 2
632,21:04:00,W/P 2,Block 1
2792,21:05:00,Block 5,W/P 5
1352,21:05:00,W/P 2,Block 1
2072,21:05:00,Block 5,W/P 5
633,21:06:00,W/P 3,Block 5
1353,21:07:00,W/P 1,Block 2
2793,21:07:00,Block 2,W/P 4
2073,21:07:00,Block 1,W/P 2
634,21:08:00,W/P 1,Block 1
2794,21:09:00,W/P 5,Block 3
1354,21:09:00,W/P 3,Block 4
2074,21:09:00,W/P 2,Block 4
635,21:10:00,Block 1,W/P 2
2075,21:11:00,Block 2,W/P 2
1355,21:11:00,W/P 1,Block 5
2795,21:11:00,Block 3,W/P 4
636,21:12:00,W/P 4,Block 3
2796,21:13:00,Block 3,W/P 4
2076,21:13:00,W/P 3,Block 5
1356,21:13:00,Block 4,W/P 4
637,21:14:00,Block 5,W/P 3
1357,21:15:00,W/P 1,Block 4
2797,21:15:00,Block 2,W/P 5
2077,21:15:00,W/P 5,Block 4
638,21:16:00,Block 5,W/P 1
2078,21:17:00,W/P 1,Block 5
2798,21:17:00,Block 2,W/P 2
1358,21:17:00,Block 3,W/P 4
639,21:18:00,Block 3,W/P 1
1359,21:19:00,W/P 5,Block 4
2799,21:19:00,Block 5,W/P 1
2079,21:19:00,Block 5,W/P 4
640,21:20:00,Block 3,W/P 3
2800,21:21:00,W/P 2,Block 1
2080,21:21:00,Block 5,W/P 4
1360,21:21:00,Block 5,W/P 1
641,21:22:00,Block 2,W/P 2
1361,21:23:00,Block 2,W/P 1
2081,21:23:00,W/P 4,Block 4
2801,21:23:00,Block 3,W/P 2
642,21:24:00,Block 2,W/P 2
2802,21:25:00,Block 1,W/P 1
2082,21:25:00,W/P 3,Block 5
1362,21:25:00,Block 2,W/P 1
643,21:26:00,W/P 2,Block 1
2803,21:27:00,Block 5,W/P 4
2083,21:27:00,W/P 2,Block 1
1363,21:27:00,Block 5,W/P 1
644,21:28:00,W/P 3,Block 4
2804,21:29:00,Block 3,W/P 5
1364,21:29:00,W/P 2,Block 1
2084,21:29:00,Block 4,W/P 3
645,21:30:00,W/P 2,Block 1
2805,21:31:00,W/P 4,Block 2
1365,21:31:00,W/P 5,Block 4
2085,21:31:00,Block 4,W/P 1
646,21:32:00,Block 4,W/P 3
1366,21:33:00,Block 4,W/P 3
2086,21:33:00,W/P 3,Block 1
2806,21:33:00,Block 3,W/P 2
647,21:34:00,Block 5,W/P 1
1367,21:35:00,Block 3,W/P 2
2807,21:35:00,Block 4,W/P 3
2087,21:35:00,W/P 2,Block 5
648,21:36:00,Block 3,W/P 2
2088,21:37:00,Block 4,W/P 2
2808,21:37:00,Block 5,W/P 5
1368,21:37:00,W/P 4,Block 2
649,21:38:00,Block 5,W/P 1
2809,21:39:00,W/P 5,Block 3
2089,21:39:00,W/P 1,Block 4
1369,21:39:00,Block 4,W/P 5
650,21:40:00,Block 1,W/P 2
1370,21:41:00,W/P 1,Block 4
2090,21:41:00,W/P 3,Block 3
2810,21:41:00,Block 1,W/P 3
651,21:42:00,Block 5,W/P 1
2811,21:43:00,W/P 5,Block 5
1371,21:43:00,Block 1,W/P 1
2091,21:43:00,W/P 3,Block 1
652,21:44:00,W/P 3,Block 4
1372,21:45:00,Block 5,W/P 2
2812,21:45:00,W/P 3,Block 1
2092,21:45:00,W/P 5,Block 3
653,21:46:00,Block 3,W/P 3
1373,21:47:00,W/P 5,Block 3
2813,21:47:00,Block 1,W/P 1
2093,21:47:00,Block 4,W/P 2
654,21:48:00,W/P 5,Block 3
2814,21:49:00,W/P 4,Block 2
2094,21:49:00,W/P 3,Block 1
1374,21:49:00,W/P 1,Block 4
655,21:50:00,W/P 3,Block 2
2815,21:51:00,W/P 1,Block 5
1375,21:51:00,W/P 1,Block 4
2095,21:51:00,Block 1,W/P 2
656,21:52:00,Block 3,W/P 3
2096,21:53:00,Block 2,W/P 4
1376,21:53:00,Block 3,W/P 1
2816,21:53:00,W/P 2,Block 5
657,21:54:00,W/P 5,Block 2
1377,21:55:00,Block 3,W/P 1
2817,21:55:00,W/P 4,Block 1
2097,21:55:00,Block 4,W/P 2
658,21:56:00,W/P 2,Block 2
1378,21:57:00,W/P 5,Block 2
2818,21:57:00,Block 3,W/P 5
2098,21:57:00,W/P 5,Block 1
659,21:58:00,Block 2,W/P 3
1379,21:59:00,Block 2,W/P 4
2099,21:59:00,Block 3,W/P 3
2819,21:59:00,Block 5,W/P 5
660,22:00:00,Block 5,W/P 4
2100,22:01:00,W/P 5,Block 2
1380,22:01:00,W/P 3,Block 5
2820,22:01:00,Block 5,W/P 2
661,22:02:00,Block 2,W/P 4
1381,22:03:00,Block 1,W/P 2
2101,22:03:00,Block 5,W/P 3
2821,22:03:00,Block 1,W/P 3
662,22:04:00,W/P 5,Block 1
2822,22:05:00,W/P 5,Block 5
1382,22:05:00,W/P 3,Block 3
2102,22:05:00,W/P 1,Block 5
663,22:06:00,W/P 5,Block 5
2823,22:07:00,W/P 3,Block 3
2103,22:07:00,W/P 2,Block 2
1383,22:07:00,W/P 3,Block 2
664,22:08:00,W/P 5,Block 3
2824,22:09:00,W/P 3,Block 4
2104,22:09:00,Block 3,W/P 1
1384,22:09:00,W/P 5,Block 2
665,22:10:00,W/P 4,Block 5
1385,22:11:00,Block 3,W/P 3
2825,22:11:00,Block 4,W/P 4
2105,22:11:00,Block 3,W/P 5
666,22:12:00,W/P 4,Block 3
1386,22:13:00,Block 1,W/P 3
2106,22:13:00,Block 1,W/P 2
2826,22:13:00,Block 3,W/P 2
667,22:14:00,Block 1,W/P 2
1387,22:15:00,Block 3,W/P 4
2107,22:15:00,W/P 2,Block 3
2827,22:15:00,W/P 3,Block 5
668,22:16:00,W/P 4,Block 5
2108,22:17:00,W/P 5,Block 4
1388,22:17:00,Block 4,W/P 5
2828,22:17:00,Block 3,W/P 2
669,22:18:00,Block 1,W/P 3
1389,22:19:00,Block 4,W/P 1
2109,22:19:00,W/P 1,Block 3
2829,22:19:00,W/P 2,Block 4
670,22:20:00,W/P 1,Block 5
1390,22:21:00,Block 4,W/P 1
2830,22:21:00,W/P 4,Block 4
2110,22:21:00,W/P 5,Block 5
671,22:22:00,Block 3,W/P 3
1391,22:23:00,Block 3,W/P 4
2831,22:23:00,W/P 4,Block 3
2111,22:23:00,Block 3,W/P 3
672,22:24:00,Block 4,W/P 2
2112,22:25:00,Block 4,W/P 2
1392,22:25:00,W/P 4,Block 4
2832,22:25:00,Block 3,W/P 4
673,22:26:00,Block 5,W/P 1
2113,22:27:00,Block 4,W/P 5
1393,22:27:00,Block 4,W/P 2
2833,22:27:00,Block 2,W/P 5
674,22:28:00,Block 3,W/P 5
2834,22:29:00,W/P 3,Block 5
2114,22:29:00,W/P 2,Block 4
1394,22:29:00,W/P 5,Block 5
675,22:30:00,Block 3,W/P 5
2835,22:31:00,W/P 4,Block 1
2115,22:31:00,W/P 1,Block 4
1395,22:31:00,W/P 5,Block 1
676,22:32:00,W/P 2,Block 4
2116,22:33:00,Block 2,W/P 5
1396,22:33:00,Block 1,W/P 4
2836,22:33:00,W/P 2,Block 1
677,22:34:00,Block 1,W/P 5
2117,22:35:00,W/P 4,Block 1
2837,22:35:00,W/P 3,Block 5
1397,22:35:00,W/P 5,Block 2
678,22:36:00,Block 2,W/P 3
1398,22:37:00,W/P 3,Block 1
2118,22:37:00,W/P 2,Block 1
2838,22:37:00,W/P 4,Block 1
679,22:38:00,W/P 1,Block 4
2119,22:39:00,W/P 2,Block 2
1399,22:39:00,Block 2,W/P 3
2839,22:39:00,Block 1,W/P 3
680,22:40:00,W/P 4,Block 2
1400,22:41:00,W/P 2,Block 2
2120,22:41:00,Block 3,W/P 3
2840,22:41:00,W/P 4,Block 4
681,22:42:00,W/P 5,Block 4
2841,22:43:00,W/P 4,Block 2
2121,22:43:00,W/P 2,Block 2
1401,22:43:00,W/P 1,Block 2
682,22:44:00,Block 4,W/P 3
2122,22:45:00,W/P 3,Block 4
2842,22:45:00,W/P 3,Block 3
1402,22:45:00,Block 3,W/P 5
683,22:46:00,Block 1,W/P 4
1403,22:47:00,W/P 1,Block 3
2123,22:47:00,W/P 4,Block 4
2843,22:47:00,W/P 4,Block 5
684,22:48:00,W/P 1,Block 4
2844,22:49:00,Block 1,W/P 1
1404,22:49:00,W/P 1,Block 5
2124,22:49:00,Block 3,W/P 2
685,22:50:00,Block 1,W/P 5
2845,22:51:00,Block 2,W/P 4
2125,22:51:00,Block 1,W/P 4
1405,22:51:00,W/P 2,Block 4
686,22:52:00,Block 5,W/P 2
2126,22:53:00,W/P 1,Block 5
2846,22:53:00,Block 4,W/P 2
1406,22:53:00,Block 3,W/P 5
687,22:54:00,Block 1,W/P 2
1407,22:55:00,Block 2,W/P 2
2847,22:55:00,Block 4,W/P 3
2127,22:55:00,W/P 3,Block 1
688,22:56:00,Block 5,W/P 5
1408,22:57:00,W/P 5,Block 1
2128,22:57:00,W/P 3,Block 1
2848,22:57:00,Block 2,W/P 5
689,22:58:00,Block 1,W/P 4
2849,22:59:00,Block 4,W/P 2
1409,22:59:00,Block 3,W/P 2
2129,22:59:00,W/P 4,Block 3
690,23:00:00,W/P 4,Block 3
1410,23:01:00,W/P 1,Block 5
2850,23:01:00,Block 2,W/P 2
2130,23:01:00,W/P 3,Block 3
691,23:02:00,W/P 5,Block 5
1411,23:03:00,W/P 3,Block 2
2131,23:03:00,Block 1,W/P 3
2851,23:03:00,Block 4,W/P 2
692,23:04:00,W/P 3,Block 5
2132,23:05:00,Block 2,W/P 1
1412,23:05:00,W/P 5,Block 1
2852,23:05:00,Block 5,W/P 1
693,23:06:00,Block 5,W/P 4
1413,23:07:00,Block 1,W/P 5
2133,23:07:00,Block 2,W/P 1
2853,23:07:00,Block 3,W/P 4
694,23:08:00,Block 3,W/P 2
2134,23:09:00,Block 2,W/P 2
2854,23:09:00,W/P 1,Block 1
1414,23:09:00,Block 2,W/P 3
695,23:10:00,Block 5,W/P 1
1415,23:11:00,W/P 5,Block 4
2135,23:11:00,W/P 4,Block 2
2855,23:11:00,Block 4,W/P 1
696,23:12:00,W/P 2,Block 3
1416,23:13:00,W/P 5,Block 4
2136,23:13:00,Block 2,W/P 1
2856,23:13:00,W/P 5,Block 1
697,23:14:00,Block 2,W/P 4
1417,23:15:00,Block 4,W/P 3
2137,23:15:00,Block 2,W/P 5
2857,23:15:00,W/P 2,Block 3
698,23:16:00,W/P 2,Block 1
2858,23:17:00,Block 2,W/P 1
1418,23:17:00,Block 2,W/P 1
2138,23:17:00,W/P 2,Block 1
699,23:18:00,W/P 4,Block 3
1419,23:19:00,Block 4,W/P 4
2139,23:19:00,W/P 3,Block 1
2859,23:19:00,W/P 5,Block 5
700,23:20:00,W/P 5,Block 5
1420,23:21:00,Block 1,W/P 2
2140,23:21:00,Block 1,W/P 2
2860,23:21:00,Block 5,W/P 5
701,23:22:00,Block 4,W/P 3
2861,23:23:00,Block 5,W/P 4
1421,23:23:00,W/P 3,Block 5
2141,23:23:00,Block 2,W/P 3
702,23:24:00,Block 5,W/P 4
2142,23:25:00,Block 2,W/P 1
1422,23:25:00,Block 1,W/P 1
2862,23:25:00,W/P 4,Block 2
703,23:26:00,Block 5,W/P 3
1423,23:27:00,W/P 2,Block 4
2863,23:27:00,Block 3,W/P 4
2143,23:27:00,Block 5,W/P 2
704,23:28:00,W/P 5,Block 2
2144,23:29:00,W/P 5,Block 5
1424,23:29:00,W/P 1,Block 3
2864,23:29:00,W/P 4,Block 1
705,23:30:00,W/P 1,Block 3
2865,23:31:00,W/P 5,Block 2
1425,23:31:00,Block 4,W/P 1
2145,23:31:00,W/P 2,Block 3
706,23:32:00,W/P 1,Block 3
2866,23:33:00,W/P 4,Block 1
2146,23:33:00,W/P 3,Block 4
1426,23:33:00,W/P 3,Block 3
707,23:34:00,W/P 4,Block 3
2147,23:35:00,Block 2,W/P 2
1427,23:35:00,Block 3,W/P 5
2867,23:35:00,Block 2,W/P 3
708,23:36:00,Block 5,W/P 4
2868,23:37:00,Block 1,W/P 5
1428,23:37:00,Block 5,W/P 1
2148,23:37:00,W/P 3,Block 1
709,23:38:00,W/P 2,Block 4
2149,23:39:00,W/P 2,Block 5
2869,23:39:00,W/P 2,Block 2
1429,23:39:00,W/P 2,Block 5
710,23:40:00,Block 3,W/P 3
1430,23:41:00,W/P 5,Block 1
2870,23:41:00,W/P 3,Block 2
2150,23:41:00,W/P 4,Block 5
711,23:42:00,Block 5,W/P 4
1431,23:43:00,Block 3,W/P 3
2151,23:43:00,Block 3,W/P 5
2871,23:43:00,W/P 5,Block 5
712,23:44:00,Block 1,W/P 4
1432,23:45:00,Block 4,W/P 2
2152,23:45:00,Block 5,W/P 3
2872,23:45:00,Block 2,W/P 4
713,23:46:00,Block 5,W/P 4
1433,23:47:00,W/P 2,Block 4
2153,23:47:00,W/P 2,Block 5
2873,23:47:00,Block 1,W/P 1
714,23:48:00,Block 4,W/P 5
2874,23:49:00,W/P 2,Block 4
2154,23:49:00,W/P 4,Block 2
1434,23:49:00,Block 4,W/P 5
715,23:50:00,Block 4,W/P 5
2155,23:51:00,W/P 5,Block 3
1435,23:51:00,Block 1,W/P 2
2875,23:51:00,Block 4,W/P 3
716,23:52:00,W/P 3,Block 4
1436,23:53:00,W/P 2,Block 4
2156,23:53:00,W/P 1,Block 3
2876,23:53:00,W/P 2,Block 2
717,23:54:00,W/P 3,Block 4
2877,23:55:00,Block 1,W/P 5
1437,23:55:00,Block 3,W/P 3
2157,23:55:00,Block 5,W/P 3
718,23:56:00,W/P 2,Block 2
2158,23:57:00,W/P 2,Block 2
1438,23:57:00,W/P 5,Block 1
2878,23:57:00,Block 5,W/P 1
719,23:58:00,W/P 1,Block 3
2159,23:59:00,Block 4,W/P 5
1439,23:59:00,W/P 1,Block 3
2879,23:59:00,W/P 2,Block 1
